node_id,event,period,proposal_date,formal_proposal_created,approval_date,business_execution_date,date_precision,before,after,money_or_token_destination,holder_effect,status,source_ids,primary_urls,frozen_evidence,limitations
T01,ETHLend的LEND使用权益设计,2018,2018-02-25白皮书,未单独取得,不适用,各项实际启用日未证实,原文日期；未知不补日,普通借贷收费,LEND支付/折扣/使用奖励设计,设计为支付手续费及奖励活跃用户,有使用条件，不是持有即分DAO利润,设计文件,H03,https://raw.githubusercontent.com/ETHLend/Documentation/master/ETHLendWhitePaper.md,evidence_v3/H03.txt,不是2017首版；未证实各项完整执行，未从该白皮书证明烧毁比例
T02,Aave V1手续费买LEND并销毁,2020,停止销毁提案于2020-10-24追述此前机制,未单独取得,原始启动表决未锁定,2020-10-24前已发生，依据作者披露,原文日期；未知不补日,LEND以使用权益为主,V1闪电贷溢价/借款手续费进入换币与burn路径,换成LEND，burn分支销毁LEND,可能减少LEND供应；不是AAVE现金分红,代码与历史执行披露,"H01,H02,H13,H21",https://governance.aave.com/t/proposal-to-stop-the-lend-burning-and-start-building-an-aave-governance-treasury/1012.json; https://raw.githubusercontent.com/aave/aip/main/content/aips/AIP-2.md; https://raw.githubusercontent.com/aave/aave-protocol/master/contracts/fees/TokenDistributor.sol; https://raw.githubusercontent.com/aave/aave-protocol/master/contracts/fees/FeeProvider.sol,evidence_v3/H01.json; evidence_v3/H02.txt; evidence_v3/H13.txt; evidence_v3/H21.txt,2.3M与2.5M为不同日期披露，非本轮独立链上销毁审计；旧费率初始化0.25%不推广全部时期
T03,LEND→AAVE迁移与安全奖励启动,2020-09,2020-09-21 AIP1创建；09-25更新,未单独取得,AIP1官方档案Implemented；表决精确时点未锁定,官方Implemented；精确启动交易日未取得,原文日期；未知不补日,LEND代币体系,100:1迁移；AAVE16M=13M迁移+3M生态储备；初期400/日,已有AAVE储备向质押者发奖励,增加治理、质押权益；启动阶段未启用削减,官方Implemented,"V02,V03",https://raw.githubusercontent.com/aave/aavenomics/master/README.md; https://raw.githubusercontent.com/aave/aip/main/content/aips/AIP-1.md,evidence_v2/V02.txt; evidence_v2/V03.txt,09-25是档案更新/后续作者追述结果日期，不能自动当载荷执行秒数
T04,停止LEND销毁、建立DAO金库,2020-10—11,2020-10-24论坛；2020-11-05 AIP2创建/更新,未单独取得,AIP2官方Implemented；表决日期未取得,精确交易日期未取得,原文日期；未知不补日,手续费买LEND并burn,移除换币/burn，资产转Collector；保留20%推荐费,Collector 0x464c71…e18c；另保留推荐费钱包,DAO增加治理控制资产；没有建立全体AAVE自动分红,官方Implemented+实施合约代码,"H01,H02,H15",https://governance.aave.com/t/proposal-to-stop-the-lend-burning-and-start-building-an-aave-governance-treasury/1012.json; https://raw.githubusercontent.com/aave/aip/main/content/aips/AIP-2.md; https://eth.blockscout.com/api/v2/smart-contracts/0x62C936a16905AfC49B589a41d033eE222A2325Ad,evidence_v3/H01.json; evidence_v3/H02.txt; evidence_v3/H15.json,10-24/11-05均非已核到的执行日期；当前proxy实施地址后续改变，H14不能证明2020准确执行日
T05,Safety Module正式引入削减补偿,2021-01,2021-01-05 AIP7文件,2021-01-06 17:14 UTC,2021-01-09 17:14 UTC投票结束,2021-01-10 20:08 UTC（北京01-11 04:08，UI分钟精度）,原文日期；未知不补日,初始400 AAVE/日；未正式启用削减,550/日；最高30%削减，初期由治理处置,生态储备奖励质押者；坏账时可动用质押资产,更高奖励对应担保风险，不是无条件分红,正式治理Executed,"H16,H44",https://raw.githubusercontent.com/aave/aip/main/content/aips/AIP-7.md; https://governance-v2.aave.com/governance/proposal/2/,evidence_v3/H16.txt; evidence_v3/H44.txt,AIP7 markdown Proposed是旧正文状态；正式治理id=2 Executed优先
T06,AAVE/ETH LP质押激励启动,2021-02,确切讨论首日未单独锁定,2021-02-05 17:35 UTC,2021-02-08 17:35 UTC投票结束,2021-02-09 21:23 UTC（北京02-10 05:23，UI分钟精度）,原文日期；未知不补日,只有AAVE质押已启动,80/20 AAVE/ETH BPT质押550/日；合计1100/日,储备AAVE分给LP质押者,提供市场流动性与担保、承担LP价格/无常损失条件,正式治理Executed,H45,https://governance-v2.aave.com/governance/proposal/4/,evidence_v3/H45.txt,总激励是当时参数，不是当前流量
T07,安全奖励截止控制方式改变,2021-05,正式治理创建2021-05-05,2021-05-05 17:59 UTC,2021-05-15 17:59 UTC投票结束,2021-05-22 18:08 UTC（北京05-23 02:08，UI分钟精度）,原文日期；未知不补日,固定截止时间会终止奖励,截止延长100年，以发放速率控制延续/终止,原生态储备；保持条件奖励,治理能按速率调整，不形成永久固定收益率,正式治理Executed,H46,https://governance-v2.aave.com/governance/proposal/14/,evidence_v3/H46.txt,此后又有续期/速率方案；不能将本次100年设置套当前distributionEnd
T08,GHO首次设计,2022-07,2022-07-07,未单独取得,后续上线治理分列下一节点,本提案不是上线执行,原文日期；未知不补日,普通资产利息多数归存款人,GHO相关利息全部DAO；stkAAVE借款折扣设计,拟进入DAO金库,增DAO收入、质押借款效用，有借款条件,提案阶段,H04,https://governance.aave.com/t/introducing-gho/8730.json,evidence_v3/H04.json,不是所有Aave借款利息100%归DAO
T09,Safety Module 1.5升级,2023-05,原始ARFC日未单独取得,2023-05-02 09:00 北京,2023-05-12 06:38 北京投票结束,2023-05-19 09:30 北京 /01:30 UTC（分钟精度）,原文日期；未知不补日,削减要单独开发提案；10日冷却；固定名义映射,按兑换率记录削减；20日冷却；GHO通知hook,底层AAVE被削减时stkAAVE兑回量减少,改变退出与担保条件，支持GHO借款折扣,正式治理Executed,H47,https://governance-v2.aave.com/governance/proposal/214/,evidence_v3/H47_SM15_snapshot.txt,仅Part1 stkAAVE；Part2 stkABPT另有载荷，不在此假称同日全部完成
T10,GHO正式上线,2023-07,2022-07-07设计；上线治理创建2023-07-10,2023-07-10 20:50 UTC,2023-07-14 13:07 UTC投票结束,2023-07-15 13:59 UTC /北京21:59（分钟精度）,原文日期；未知不补日,GHO尚未主网上线,V3 Ethereum和FlashMinter facilitator激活,相关GHO利息进入DAO；初始stkAAVE借款折扣,增加DAO收入与特定质押者借款效用,正式治理Executed,"H04,H05",https://governance.aave.com/t/introducing-gho/8730.json; https://governance-v2.aave.com/governance/proposal/268/,evidence_v3/H04.json; evidence_v3/H05.txt,本金非收入，100%是GHO借款利息；成本仍需扣
T11,Merit资金授权与行为奖励,2024-03,2024-02-16；首帖后续更新，不能把更新内容全部视为最初版本,正式创建时间未单独取得,正式AIP43获批；投票关闭时刻未单独读取,2024-03-13T00:23:11+00:00 UTC；2024-03-13T08:23:11+08:00 北京,原文日期；未知不补日,用户激励与旧安全奖励,用户行为积分与持币/质押/治理等boost,Collector授权2.9M GHO及600 aWETH给Merit SAFE,符合行为条件用户受益；AAVE持有可为加成，非所有持有人定比分红,载荷state=3、executedAt已核,"H31,H36,H48",https://raw.githubusercontent.com/aave-dao/aave-proposals-reports/master/reports/v3-43-aave-v3-approval-for-Merit-program.md; https://ethereum-rpc.publicnode.com; https://governance.aave.com/t/arfc-merit-a-new-aave-alignment-user-reward-system/16646.json,evidence_v3/H31.txt; evidence_v3/H36_payload_execution_dates.json; evidence_v3/H48.json,授权执行≠每次空投已逐笔审计；首帖包含2024-08演进
T12,Aavenomics新路线图获方向支持,2024-07—08,2024-07-25,未单独取得,2024-08-03T12:23:07+00:00 UTC；Snapshot closed、YAE胜出；非业务载荷执行,不适用：路线图不是业务执行,原文日期；未知不补日,旧安全担保与已有行为激励,拟推Umbrella、回购、Anti-GHO、迁移关闭,各方案另需载荷/资金授权,规划收入传导与担保迁移，不产生即时领取权,方向批准,"H06,H07",https://governance.aave.com/t/temp-check-aavenomics-update/18379.json; https://governance.aave.com/t/arfc-aavenomics-implementation-part-one/21248.json,evidence_v3/H06.json; evidence_v3/H07.json,未用路线批准推断全部模块同时上线
T13,Part One总体计划与Anti-GHO,2025-03,2025-03-04,未单独取得,2025-03-18T14:10:27+00:00 UTC；Snapshot closed、YAE胜出；非业务载荷执行,各独立模块分列；Anti-GHO实际执行未取得,原文日期；未知不补日,借款折扣只惠及有GHO债务的stkAAVE,拟50%GHO收入资助Anti-GHO；拟80/20给stkAAVE/stkBPT,设计为抵GHO债/转换stkGHO；需后续开发审计,计划扩展质押者收入权益，当前未证实到账机制,总体批准，Anti-GHO执行未证实,"H07,H23",https://governance.aave.com/t/arfc-aavenomics-implementation-part-one/21248.json; https://governance.aave.com/t/21248/37.json,evidence_v3/H07.json; evidence_v3/H23.json,Part Two/开发/审计尚需独立步骤；百分比不是当前自动分红参数
T14,SVR清算MEV收入路由,2025-03,2025-03-04 ARFC；本轮原始首帖未另下载,未单独取得,正式AIP274已获批；投票关闭时刻未单独读取,2025-03-29T11:49:59+00:00 UTC；2025-03-29T19:49:59+08:00 北京,原文日期；未知不补日,清算相关OEV价值外流给搜索者/构建者等,通过SVR竞价收回；官方披露65%Aave/35%Chainlink,DAO金库新增收入路径,间接改善DAO财务；不自动给持有人派钱,载荷已执行+官方运行披露,"H29,H30,H36",https://aave.com/blog/historical-liquidations; https://raw.githubusercontent.com/aave-dao/aave-proposals-reports/master/reports/v3-274-aave-v3-Ethereum-SVR-V1-enable.md; https://ethereum-rpc.publicnode.com,evidence_v3/H29.txt; evidence_v3/H30.txt; evidence_v3/H36_payload_execution_dates.json,仅已部署市场/资产；16M累计回收是官方历史披露，不当独立现金审计
T15,首轮回购额度授权与首次买入披露,2025-04,2025-03-04 Part One；正式创建北京04-05,2025-04-05 01:09北京UI,正式投票2025-04-09 01:31北京关闭；治理消息04-09 01:59北京,2025-04-09T17:59:59+00:00 UTC；2025-04-10T01:59:59+08:00 北京；作者2025-04-09 UTC披露首次市场买入,原文日期；未知不补日,回购仅总体方向,4M aEthUSDT首轮allowance，约1个月；目标首6个月1M/周,Collector→AFC许可；购入AAVE→生态储备,市场买盘与再分配，不是自动burn,授权载荷state=3；首次买入为执行方披露,"H07,H08,H22,H23,H36",https://governance.aave.com/t/arfc-aavenomics-implementation-part-one/21248.json; https://raw.githubusercontent.com/aave-dao/aave-proposals-reports/master/reports/v3-286-aave-v3-Ethereum-AAVE-buybacks.md; https://app.aave.com/governance/v3/proposal/?proposalId=286; https://governance.aave.com/t/21248/37.json; https://ethereum-rpc.publicnode.com,evidence_v3/H07.json; evidence_v3/H08.txt; evidence_v3/H22_AIP286_snapshot.txt; evidence_v3/H23.json; evidence_v3/H36_payload_execution_dates.json,作者发帖17:25 UTC早于本载荷17:59 UTC约34分钟；无首笔交易对价/资金通道核查，不强行认定先后因果
T16,Umbrella自动按资产担保上线,2025-06,2025-03-18 ARFC,2025-05-31 19:00北京UI,2025-06-04 19:20北京投票关闭,2025-06-05T11:39:59+00:00 UTC；2025-06-05T19:39:59+08:00 北京,原文日期；未知不补日,主要依赖AAVE/BPT旧SM担保,按相关aToken/GHO资产自动覆盖；旧stkAAVE360→315/日、30%→20%,Collector付相关aToken/GHO奖励；对应担保资产覆盖坏账,AAVE直接担保负担开始下降，同时旧奖励减少,正式治理及业务载荷执行,"H17,H20,H24,H32,H36",https://governance.aave.com/t/arfc-aave-umbrella-activation/21521.json; https://www.aave.com/docs/resources/changelog; https://raw.githubusercontent.com/aave-dao/aave-proposals-reports/master/reports/v3-320-aave-v3-Umbrella-Activation.md; https://app.aave.com/governance/v3/proposal/?proposalId=320; https://ethereum-rpc.publicnode.com,evidence_v3/H17.json; evidence_v3/H20.txt; evidence_v3/H24.txt; evidence_v3/H32_AIP320_snapshot.txt; evidence_v3/H36_payload_execution_dates.json,不代表各链/各市场均同日获得全部覆盖
T17,V3.4：撤除GHO折扣、闪电贷留存改变,2025-07,BGD V3.4 ARFC，原始首日未另锁定,2025-06-28 21:54北京UI,2025-07-02 22:12北京正式投票关闭,2025-07-03T14:42:23+00:00 UTC；2025-07-03T22:42:23+08:00 北京；Ethereum payload302 2025-07-03T14:37:59+00:00 UTC；2025-07-03T22:37:59+08:00 北京,原文日期；未知不补日,GHO定制债务及stkAAVE借款折扣；闪电贷费用旧分配,GHO标准化，RF100%，借款折扣撤除；闪电贷费100%Treasury,DAO Treasury；取消原stkAAVE借款利息优惠,DAO留存与借款持币权益发生实质变化,Ethereum载荷执行，正式页面全部16载荷executed,"H37,H38,H41,H36",https://raw.githubusercontent.com/aave-dao/aave-v3-origin/main/docs/3.4/Aave-v3.4-features.md; https://raw.githubusercontent.com/aave-dao/aave-proposals-reports/master/reports/v3-334-aave-v3-v3_4-upgrade.md; https://app.aave.com/governance/v3/proposal/?proposalId=334; https://ethereum-rpc.publicnode.com,evidence_v3/H37.txt; evidence_v3/H38.txt; evidence_v3/H41_AIP334_snapshot.txt; evidence_v3/H36_payload_execution_dates.json,这里只核Ethereum执行日期，其他链同阶段但不假称同秒；GHO迁移烧GHO不是烧AAVE
T18,旧担保第二次下调,2025-07,ARFC具体首日未另下载,未单独取得,AIP342通过；投票关闭秒数未单独取得,2025-07-29T13:24:47+00:00 UTC；2025-07-29T21:24:47+08:00 北京,原文日期；未知不补日,stkAAVE315/日、maxSlash20%；BPT216/日,stkAAVE260/日、maxSlash10%；BPT130/日,减少从生态储备支付的AAVE,少领币、少承担直接削减；非取消资产/经营风险,载荷state=3；参数用后续官方历史表/说明,"H09,H49,H53",https://governance.aave.com/t/arfc-safety-module-umbrella-emission-update/23103.json; https://raw.githubusercontent.com/aave-dao/aave-proposals-reports/master/reports/v3-342-aave-v3-safety-module-emission-update.md; https://ethereum-rpc.publicnode.com,evidence_v3/H09.json; evidence_v3/H49.txt; evidence_v3/H53_payload_more.json,参数历史表是服务商披露，未重演所有历史状态
T19,退出旧直接担保，配置DAO自有流动性,2025-10,2025-09-10首帖（正文自填09-09）；后续正式方案,2025-10-03 08:41北京UI,2025-10-07 08:59北京投票关闭,2025-10-08T01:20:11+00:00 UTC；2025-10-08T09:20:11+08:00 北京,原文日期；未知不补日,旧stkAAVE maxSlash10%、冷却20日,stkAAVE maxSlash0%、冷却7日；授权DAO流动性SAFE,AAVE与aWETH各5M美元等值额度给0xAAA973…35C23,降低削减与退出约束；POL资产由DAO控制,正式载荷state=3,"H09,H25,H34,H36",https://governance.aave.com/t/arfc-safety-module-umbrella-emission-update/23103.json; https://raw.githubusercontent.com/aave-dao/aave-proposals-reports/master/reports/v3-385-aave-v3-safety-module-emission-update.md; https://app.aave.com/governance/v3/proposal/?proposalId=385; https://ethereum-rpc.publicnode.com,evidence_v3/H09.json; evidence_v3/H25.txt; evidence_v3/H34_AIP385_snapshot.txt; evidence_v3/H36_payload_execution_dates.json,9月初稿中的BPT40/日不是本次最终payload的自动执行；不同代际BPT勿混同
T20,回购计划延续方向投票,2025-10,具体论坛原文/发表日未另取得,未单独取得,2025-10-31T08:41:52+00:00 UTC；Snapshot closed、YAE胜出；非业务载荷执行,对应正式资金载荷与成交未在本轮逐项锁定,原文日期；未知不补日,首6个月周度回购试运行,后续延续/调整方案获方向性支持，具体条款未重建,回购资金安排需按正式授权和成交核实,可延续市场需求方向，但不产生永久回购义务,Snapshot通过，条款/正式执行未完整核查,S47,https://hub.snapshot.org/graphql,evidence/S47_snapshot_proposals.json,此节点只确认标题、投票和时间，不虚构预算金额、延续成交或正式载荷
T21,旧奖励续期与领取授权,2025-11,正式方案日未另锁定,未单独取得,AIP405通过；精确投票结束未取得,2025-11-11T13:29:35+00:00 UTC；2025-11-11T21:29:35+08:00 北京,原文日期；未知不补日,上一期奖励已截止,stkAAVE/BPT奖励重新延长90天；旧BPT未领取奖励另给allowance,生态储备支付条件奖励,奖励期限由后续治理决定，不由历史100年设置永久固定,载荷state=3，配置说明来自审查,"H50,H53",https://raw.githubusercontent.com/aave-dao/aave-proposals-reports/master/reports/v3-405-aave-v3-safety-module-emissions-update.md; https://ethereum-rpc.publicnode.com,evidence_v3/H50.txt; evidence_v3/H53_payload_more.json,模拟/审查不是到账审计；不伪造延期前后所有精确费率
T22,BPT奖励130→40/日,2026-01,正式创建时点未另读取,未单独取得,AIP435通过；精确投票结束未取得,2026-01-20T14:20:11+00:00 UTC；2026-01-20T22:20:11+08:00 北京,原文日期；未知不补日,stkAAVE/wstETH BPTv2 130 AAVE/日,40 AAVE/日，并调整end与allowance,减少储备发给BPT质押者的币,降低LP奖励支出与未来发币,载荷state=3、审查参数,"H51,H53",https://raw.githubusercontent.com/aave-dao/aave-proposals-reports/master/reports/v3-435-aave-v3-stkABPT-Emission-Update.md; https://ethereum-rpc.publicnode.com,evidence_v3/H51.txt; evidence_v3/H53_payload_more.json,与更早AIP385方向初稿分开，不用9月提案日当实际降至40日
T23,回购预算下调方向,2026-03,2026-03-04 19:34 UTC论坛,未单独取得,2026-03-15T14:36:37+00:00 UTC；Snapshot closed、YAE胜出；非业务载荷执行,完整30M预算AIP载荷链未锁定,原文日期；未知不补日,年预算约50M,建议约30M,拟减少年度回购资本分配,降低计划买盘，保存DAO现金；预算不是成交,方向获批，正式执行链不完整,"S04,S47,V38",https://governance.aave.com/t/arfc-buyback-program-budget-adjustment/24229; https://hub.snapshot.org/graphql; https://aave.tokenlogic.xyz/financials/buyback,evidence/S04.json; evidence/S47_snapshot_proposals.json; evidence_v2/V38_buyback_snapshot.txt,18M页面预算卡片未对账；不称当前实际执行预算唯一确定
T24,stkAAVE减至220；BPTv2退出激励,2026-03,2026-03-02 19:28 UTC论坛,2026-03-19 18:42北京UI,2026-03-23 19:33北京投票关闭,2026-03-24T11:36:11+00:00 UTC；2026-03-24T19:36:11+08:00 北京,原文日期；未知不补日,stkAAVE260/日、冷却7日；BPTv2 40/日,stkAAVE220/日、冷却2日；BPTv2 0/日、冷却0，向POL转型,减少储备支出；DAO自有AAVE/ETH流动性,降低奖励、提高退出流动性；不保证APR恒定,正式载荷state=3,"H27,H28,H43,H36",https://raw.githubusercontent.com/aave-dao/aave-proposals-reports/master/reports/v3-459-aave-v3-Reduce-Safety-Module-Emissions.md; https://governance.aave.com/t/arfc-safety-module-reduce-emissions/24203.json; https://app.aave.com/governance/v3/proposal/?proposalId=459; https://ethereum-rpc.publicnode.com,evidence_v3/H27.txt; evidence_v3/H28.json; evidence_v3/H43_AIP459_snapshot.txt; evidence_v3/H36_payload_execution_dates.json,原表BPT削减10→0与更早代际规则不可不分合约套用
T25,Aave Will Win主资助,2026-04,2026-03 AWW ARFC；主资助日期见保留证据,未单独取得,正式AIP469通过,2026-04-13 16:45:11 UTC /北京04-14 00:45:11,原文日期；未知不补日,Labs主资助待批准,25M稳定币额度/半年及一年流+75K AAVE四年流,Labs开发资助；stream100017属于储备支出,DAO发展投入与AAVE再分配；不是持币现金返还,成功交易、载荷和当前stream互证,S49,https://app.aave.com/governance/v3/proposal/?proposalId=469,evidence/S49_AIP469_payload_snapshot.txt,只证明主资助，不证明框架全部条款或品牌全部转移
T26,CoW与Horizon费用归DAO,2026-04,具体首次所有权讨论另见v2，不在此虚构日期,未单独取得,独立完整投票日期未锁定,2026-04-16实施披露，具体链上切换秒数未锁定,原文日期；未知不补日,相关产品费用路由存在归属争议,披露CoW partner fees和Horizon费用已路由DAO Collector,DAO Collector,增加明确DAO收入路由；不等于所有品牌净利润归持有人,实施方披露,S45,https://governance.aave.com/t/routing-swap-and-horizon-fees-to-dao-collector-addresses/24462,evidence/S45.json,两项收入路由，不是全部品牌经营净利润审计
T27,回购实际暂停,2026-04—当前,2026-04-22 18:51 UTC ARFC，晚于暂停起日,未单独取得,2026-05-01T09:05:18+00:00 UTC；Snapshot closed、YAE胜出；非业务载荷执行,执行方披露2026-04-19起暂停；2026-10-07 22:03仍Paused,原文日期；未知不补日,常规执行买盘,暂停并保存现金、支持资产负债表,未用于回购的资产留DAO资金安排,经营有收入也不保证持续回购,暂停披露与当前页面互证,"S05,S47,V38",https://governance.aave.com/t/arfc-pause-aave-buybacks/24686; https://hub.snapshot.org/graphql; https://aave.tokenlogic.xyz/financials/buyback,evidence/S05.json; evidence/S47_snapshot_proposals.json; evidence_v2/V38_buyback_snapshot.txt,4月19日仍有已核成交样本；不推定零点后所有成交为0，不以Safe收币推定恢复
T28,LEND迁移关闭,2026-05,2025-09方向讨论；2026正式AIP480,未单独取得,正式AIP480通过,2026-05-10 01:39北京（UI分钟精度）,原文日期；未知不补日,尚可LEND→AAVE迁移,迁移关闭；固定区块migrationEnded=true、原生币0,正式安排收回剩余资产；实际转入额/目的地未全审计,老LEND不再自动享原兑换配额,正式payload433执行与当前状态互证,V26,https://app.aave.com/governance/v3/proposal/?proposalId=480,evidence_v2/V26_AIP480_payload_snapshot.txt,历史305K/302K均非当前余额；不把关闭前估数当实际转入金额
T29,sGHO储蓄收入与Merit条件重组,2026-05,2026-03-25配置ARFC,未单独取得,2026-05-16 02:00北京投票关闭,2026-05-16T18:04:23+00:00 UTC；2026-05-17T02:04:23+08:00 北京,原文日期；未知不补日,链下Merit多boost分配模式,新ERC4626链上初始4.25%；方案仅保留临时stkAAVE加成,GHO储户获得储蓄收益；Collector/AFC承担资金安排,持币/治理等旧boost收敛；AAVE不自动获得储蓄率,储蓄载荷state=3；链下boost发放未逐笔审计,"H39,H40,H42,H36",https://raw.githubusercontent.com/aave-dao/aave-proposals-reports/master/reports/v3-484-aave-v3-sGho-Launch.md; https://governance.aave.com/t/arfc-sgho-launch-configuration/24346.json; https://app.aave.com/governance/v3/proposal/?proposalId=484; https://ethereum-rpc.publicnode.com,evidence_v3/H39.txt; evidence_v3/H40.json; evidence_v3/H42_AIP484_snapshot.txt; evidence_v3/H36_payload_execution_dates.json,4.25%是初始率，不冒充10月当前实测率；10M allowance/facilitator桶不能当利润或支出
T30,stkAAVE降至当前150/日,2026-06,ARFC24945；源码日期2026-05-22不是实际执行日,2026-06-08 21:21北京UI,2026-06-12 21:38北京投票关闭,2026-06-13T13:42:47+00:00 UTC；2026-06-13T21:42:47+08:00 北京,原文日期；未知不补日,220 AAVE/日,150 AAVE/日，仅改emissionPerSecond,减少储备奖励速率，没有额外token transfer,质押奖励减少，APR仍随总质押变化,载荷state=3+当日冻结参数150/日,"H26,H33,H36",https://raw.githubusercontent.com/aave-dao/aave-proposals-reports/master/reports/v3-491-aave-v3-stkAAVE-Emissions-Update.md; https://app.aave.com/governance/v3/proposal/?proposalId=491; https://ethereum-rpc.publicnode.com,evidence_v3/H26.txt; evidence_v3/H33_AIP491_snapshot.txt; evidence_v3/H36_payload_execution_dates.json,AIP491未改distributionEnd或allowance；150×365仅条件情景
T31,Foundation Phase1与品牌后续,2026-10,2026-10-02论坛,未单独取得,截至冻结查询Snapshot active，尚未通过,尚未完成品牌/域名/商标移交,原文日期；未知不补日,DAO和Labs产品/品牌控制分层,拟搭基金会结构，后续资产转移需独立治理,设计涉及基金会/品牌持有安排,改善控制权路线仍须执行，未产生即时持币现金权,当前投票active,"S40,V37",https://governance.aave.com/t/arfc-the-aave-foundation-phase-1/25756; https://hub.snapshot.org/graphql,evidence/S40.json; evidence_v2/V37_foundation_refresh.json,复用22:03 active冻结状态，不沿用下午pending；不称所有权转移完成
