key,start_inclusive,end_exclusive,days,gross_usd,after_savings_usd,model_net_usd,model_days,buyback_usds,rewards_funded_usds,sky_bought,kicks,spend_over_after_savings_pct,spend_over_model_net_pct,lp_pair_dai,actual_source
2021,2021-01-01,2022-01-01,365,83982158,83976270,,0,,,,,,,,
pause,2022-01-26,2023-07-18,538,63677472,62681099,,0,,,,,,,,
lp_sample,2024-06-15,2024-09-12,89,66129548,32034194,,6,9150000,0,0,0,28.56322840524721801959493659,,9130583,"BA Labs SBE update 9, 15 Jun to 11 Sep 2024"
initial_sky,2024-10-01,2024-10-21,20,16318991,8860440,5448349.367485339819575783620,20,0,0,0,0,0,0E+21,,
70_30,2024-10-22,2025-02-24,125,153592871,76813327,50271384.60050730554613460336,125,367500,157500,5974793.961596894957821737,21,0.4784326032382375521893486009,0.7310321824640800388743040283,,
100_2025,2025-02-25,2025-06-02,97,96342407,49029632,20925342.07709502982979155468,97,55250000,0,919707579.515973023550401348,5525,112.6869563287768507012249246,264.0339154143477040926835785,,
50_50,2025-06-03,2025-08-25,83,85593263,61670965,37477006.09689603853566457469,83,17645000,17645000,220065773.515720589726696037,3529,28.61151921329591648192954334,47.08220276288669022128817217,,
25_75,2025-08-26,2025-11-03,69,81944824,60555078,40320063.14528368409549914125,69,6787500,20362500,103069111.763852867443887009,2715,11.20880399163221290871758104,16.83405101709010350468860594,,
100_2026,2025-11-04,2026-08-17,286,312653352,157329990,97347752.97636991814087435879,286,41780000,0,686205171.075034223372989226,4566,26.55564905330509459766698008,42.91829931620674311913929202,,
low_budget,2026-03-15,2026-08-17,155,160858915,72270246,42262287.69423927967879053010,155,5808000,0,89264632.368054091398091037,968,8.036502324898686521698016636,13.74274871729596719878943644,,
2026q2,2026-04-01,2026-07-01,91,97372529,42570188,24669074.58208415378801032698,91,3414000,0,49803129.623621728315344959,569,8.019696788748031838619082443,13.83918958386630328983309528,,
2026_aug,2026-08-01,2026-09-01,31,28116593,14119449,8412702.676854276671509354225,31,1644300,839700,27100702.111690366847843234,414,11.64563857980577004102638849,19.54544292316349349090247440,,
2026_sep,2026-09-01,2026-10-01,30,26829669,13443696,8458088.265766194197390517298,30,2791800,2284200,40547581.67,846,20.76661061065349885924227980,33.00745880484257119455859483,,TMF official September operational report; supersedes partial CSV
