id,category,proposal_date,vote_end,approved_or_scheduled,execution_date,mechanism_end,end_note,status,title,effect,primary_source,execution_source,proposal_document,date_basis
T01,历史机制,,,,2017-12-18,2020-05-12,历史事件，日期精度见影响说明,历史机制／框架,单抵押DAI与MKR费用,MKR支付稳定费并进入回收地址；2020年5月12日旧SAI系统关闭。2017年起点为官方已上线公告。,https://medium.com/@MakerDAO/dai-is-now-live-ad87e34fc826,,https://medium.com/@MakerDAO/dai-is-now-live-ad87e34fc826;https://makerdao.com/whitepaper/Dai-Whitepaper-Dec17-en.pdf;https://github.com/makerdao/sai/blob/master/src/tub.sol,UTC；2017为公告日；2022/2023框架为投票结束日
T02,历史机制,,2019-11-15,,2019-11-18,2022-01-26,历史事件，日期精度见影响说明,历史机制／框架,多抵押DAI盈余销毁,费用以DAI收取，先付储蓄和覆盖债务、保留缓冲；余款拍卖换MKR并销毁。,https://www.prnewswire.com/news-releases/multi-collateral-dai-launches-and-introduces-the-dai-savings-rate-300960077.html,,https://www.prnewswire.com/news-releases/multi-collateral-dai-launches-and-introduces-the-dai-savings-rate-300960077.html;https://github.com/sky-ecosystem/dss/blob/master/src/flap.sol,UTC；2017为公告日；2022/2023框架为投票结束日
E2020-02-21,回购与留存,2020-02-21,,2020-02-21T21:42:30.000000Z,2020-02-21T21:43:21.000000Z,2021-01-20,最低加价幅度被4%替换,已执行,盈余拍卖竞价,最低加价幅度改为2%，影响MKR销毁拍卖成交条件。,https://github.com/sky-ecosystem/spells-mainnet/blob/0c57941f1164bff2eaacf7568226b14c43e230af/archive/2020-02-21-DssSpell/DssSpell.sol,https://etherscan.io/tx/0x61ca3aeead7dd4e7850d3776fcca606852ad342e0ad91fe3aa3644648d038d6a,,UTC；运行结束指被替换或停止，不是投票结束
T04,历史机制,,,,2020-03-19,,历史事件，日期精度见影响说明,历史机制／框架,坏账触发MKR增发,2020年3月债务拍卖增发MKR筹DAI补坏账，验证持有人存在稀释风险；未重建该轮所有拍卖的最后结算日。,https://forum.skyeco.com/t/blocked-flops-debt-auctions-everything-you-need-to-know/1748,,https://forum.skyeco.com/t/blocked-flops-debt-auctions-everything-you-need-to-know/1748;https://github.com/sky-ecosystem/dss/blob/master/src/flop.sol,UTC；2017为公告日；2022/2023框架为投票结束日
E2020-07-27,回购与留存,2020-07-27,,2020-07-28T07:30:06.000000Z,2020-07-28T19:31:52.000000Z,2022-03-14,被限速版盈余拍卖合约替换,已执行,盈余拍卖合约升级,更新盈余拍卖合约；仍以盈余DAI换MKR并销毁。,https://github.com/sky-ecosystem/spells-mainnet/blob/0c57941f1164bff2eaacf7568226b14c43e230af/archive/2020-07-27-DssSpell/DssSpell.sol,https://etherscan.io/tx/0x99be921cccce1bb554e1a2d6e861f3c7d8079bf940f87d27d89575973ba9fde4,https://raw.githubusercontent.com/makerdao/community/cc819c75fc8f1b622cbe06acfd0d11bf64545622/governance/votes/Executive%20vote%20-%20July%2027%2C%202020%20.md,UTC；运行结束指被替换或停止，不是投票结束
E2020-08-14,回购与留存,2020-08-14,,2020-08-18T06:43:32.000000Z,2020-08-18T18:44:31.000000Z,2020-10-27,被下一次缓冲配置替换,已执行,提高盈余缓冲,50万→200万DAI；更多盈余先留存，再触发MKR回购。,https://github.com/sky-ecosystem/spells-mainnet/blob/0c57941f1164bff2eaacf7568226b14c43e230af/archive/2020-08-14-DssSpell/DssSpell.sol,https://etherscan.io/tx/0x23fcce01344837c76cfb140c3ea04f1c15e23157fe9066c61055dc80b9c946c0,https://raw.githubusercontent.com/makerdao/community/c8e9f709f4bc5d0384b47e0109eb7555f08b84fc/governance/votes/Executive%20vote%20-%20August%2014%2C%202020.md,UTC；运行结束指被替换或停止，不是投票结束
E2020-10-23,回购与留存,2020-10-23,,,2020-10-27T05:37:26.000000Z,2021-01-20,被下一次缓冲配置替换,已执行,提高盈余缓冲,200万→400万DAI，延后进入回购的盈余。,https://github.com/sky-ecosystem/spells-mainnet/blob/0c57941f1164bff2eaacf7568226b14c43e230af/archive/2020-10-23-DssSpell/DssSpell.sol,https://etherscan.io/tx/0x2abc8fbe53911cc98dbf5d0558b2fabd5b8e3e73c65005419c07d25d40703f60,https://raw.githubusercontent.com/makerdao/community/10f4fb51d9d6b292d7ffd3f852cbbc97bd920e84/governance/votes/Executive%20vote%20-%20October%2023%2C%202020.md,UTC；运行结束指被替换或停止，不是投票结束
E2021-01-15,回购与留存,2021-01-15,,2021-01-18T23:14:06.000000Z,2021-01-20T23:15:28.000000Z,2021-02-25,"缓冲被3,000万配置替换；拍卖时限后续另调",已执行,提高缓冲并调拍卖,"缓冲提高至1,000万DAI；最低加价改为4%，竞价时限改为1小时。",https://github.com/sky-ecosystem/spells-mainnet/blob/0c57941f1164bff2eaacf7568226b14c43e230af/archive/2021-01-15-DssSpell/DssSpell.sol,https://etherscan.io/tx/0xdd990ea920e70d3afe62c1c4b0e35dcfa35def1704cd03087fcd51470a4194ee,https://raw.githubusercontent.com/makerdao/community/b902aac62c589dcc77c74eea6e6de8131c39547a/governance/votes/Executive%20vote%20-%20January%2015%2C%202021.md,UTC；运行结束指被替换或停止，不是投票结束
E2021-02-19,回购与留存,2021-02-19,,2021-02-23T15:09:11.000000Z,2021-02-25T15:11:40.000000Z,2021-04-30,缓冲从4月30日起进入线性增长,已执行,提高盈余缓冲,"1,000万→3,000万DAI，增加协议留存。",https://github.com/sky-ecosystem/spells-mainnet/blob/0c57941f1164bff2eaacf7568226b14c43e230af/archive/2021-02-19-DssSpell/DssSpell.sol,https://etherscan.io/tx/0xa9d19f42f06b86e8a09871f13814ef047432c89c2eef8b7fd8bb2a45e8f8c225,https://raw.githubusercontent.com/makerdao/community/00fc3831345790536ad792b29da2c3cb9d6cbad3/governance/votes/Executive%20vote%20-%20February%2019%2C%202021.md,UTC；运行结束指被替换或停止，不是投票结束
E2021-03-26,回购与留存,2021-03-26,,2021-03-31T17:28:27.000000Z,2021-04-02T17:28:33.000000Z,2022-01-26,旧常规回购路径暂停；参数存在不代表实际运行,已执行,盈余拍卖批量,每批盈余拍卖金额改为3万DAI。,https://github.com/sky-ecosystem/spells-mainnet/blob/0c57941f1164bff2eaacf7568226b14c43e230af/archive/2021-03-26-DssSpell/DssSpell.sol,https://etherscan.io/tx/0x6f902a60046861312cf165b41d95f108f98130d103d45811a2f8df55e7507805,https://raw.githubusercontent.com/makerdao/community/f5ecd64f82c035d8c115115ca1e562177f4cdb44/governance/votes/Executive%20vote%20-%20March%2026%2C%202021.md,UTC；运行结束指被替换或停止，不是投票结束
E2021-04-23,回购与留存,2021-04-23,,2021-04-26T22:06:55.000000Z,2021-04-29T14:01:44.000000Z,2021-08-07,"99天增长期结束；6,000万目标随后仍保留",已执行,缓冲线性增长,"4月30日起99天内从3,000万增至6,000万DAI，减少同期可回购额。",https://github.com/sky-ecosystem/spells-mainnet/blob/0c57941f1164bff2eaacf7568226b14c43e230af/archive/2021-04-23-DssSpell/DssSpell.sol,https://etherscan.io/tx/0x7674bbc73ed05a0855d7f00975256f90ad5bc736e8cf7f91267e3c1a91b832bb,https://raw.githubusercontent.com/makerdao/community/57f8d6d1f2a7882879901ca52aaf65c0c4f0a916/governance/votes/Executive%20vote%20-%20April%2023%2C%202021.md,UTC；运行结束指被替换或停止，不是投票结束
E2021-07-16,回购与留存,2021-07-16,,,,2021-07-17,新版提案发布，旧版未生效,未执行、由7月17日版本替代,缩短竞价时限：旧版本,拟将竞价时限降至30分钟；此版本未执行。,https://github.com/sky-ecosystem/spells-mainnet/blob/0c57941f1164bff2eaacf7568226b14c43e230af/archive/2021-07-16-DssSpell/DssSpell.sol,,https://raw.githubusercontent.com/makerdao/community/3e69d2d9403ad0db916a370be66b9b77970b9a4d/governance/votes/Executive%20vote%20-%20July%2016%2C%202021.md,UTC；运行结束指被替换或停止，不是投票结束
E2021-07-17,回购与留存,2021-07-17,,2021-07-23T21:56:10.000000Z,2021-07-25T21:56:22.000000Z,2022-01-26,常规回购路径随后暂停,已执行,缩短竞价时限：执行版,竞价时限从1小时降至30分钟。,https://github.com/sky-ecosystem/spells-mainnet/blob/0c57941f1164bff2eaacf7568226b14c43e230af/archive/2021-07-17-DssSpell/DssSpell.sol,https://etherscan.io/tx/0xa8063cc3fd60d4155557b3ed3a872e91b2d20d223864ba33c03ba4baf603c650,https://raw.githubusercontent.com/makerdao/community/6d2eaab1360395916b9b09c4137c5da6f2de9f1a/governance/votes/Executive%20vote%20-%20July%2017%2C%202021.md,UTC；运行结束指被替换或停止，不是投票结束
E2021-11-26,回购与留存,2021-11-26,,,,2022-01-26,紧急提案撤销增长授权并改为2.5亿,执行日未知,继续提高缓冲,"原计划210天内从6,000万升至9,000万DAI。",https://github.com/sky-ecosystem/spells-mainnet/blob/0c57941f1164bff2eaacf7568226b14c43e230af/archive/2021-11-26-DssSpell/DssSpell.sol,,"https://raw.githubusercontent.com/makerdao/community/194592d74ae225132c1963527ae90190b8bfa476/governance/votes/Executive%20vote%20-%20November%2026,%202021.md",UTC；运行结束指被替换或停止，不是投票结束
E2022-01-24,回购与留存,2022-01-24,,2022-01-24T23:05:15.000000Z,2022-01-26T23:13:17.000000Z,2023-07-18,SBE以买币配LP的新用途恢复；旧销毁并未恢复,已执行,暂停旧销毁,缓冲提高至2.5亿DAI，停止当时的常规MKR盈余销毁路径。,https://github.com/sky-ecosystem/spells-mainnet/blob/0c57941f1164bff2eaacf7568226b14c43e230af/archive/2022-01-24-DssSpell/DssSpell.sol,https://etherscan.io/tx/0x5a19c7dbbd2c382c60f486d42091ebdb760afa7bd22b1e3a1f4e9d58cfa25d7d,https://raw.githubusercontent.com/makerdao/community/5a8f09353e2a7d7f0d9f6a357cd05901348fe227/governance/votes/Executive%20vote%20-%20January%2024%2C%202022.md,UTC；运行结束指被替换或停止，不是投票结束
E2022-03-11,回购与留存,2022-03-11,,2022-03-11T20:17:56.000000Z,2022-03-14T14:00:35.000000Z,2022-05-29,额度上限被降至3万,已执行,限速版盈余拍卖,拍卖并行额度上限15万DAI；保留高缓冲，不代表恢复持续销毁。,https://github.com/sky-ecosystem/spells-mainnet/blob/0c57941f1164bff2eaacf7568226b14c43e230af/archive/2022-03-11-DssSpell/DssSpell.sol,https://etherscan.io/tx/0xb02103d4bc1b130632372adf55017cc000df70a77a70f9f7a588368df22dbabe,https://raw.githubusercontent.com/makerdao/community/19e338132d799741f42f07a130efb9692654897f/governance/votes/Executive%20Vote%20-%20March%2011%2C%202022.md,UTC；运行结束指被替换或停止，不是投票结束
C2022-05-02,治理框架,2022-05-02,,,,,已取消；精确撤回日期未知,取消、未生效,重启MKR销毁讨论,重启方案被取消；不能将讨论日期当成旧销毁已经恢复。,https://forum.skyeco.com/t/signal-request-restart-the-burn-v2-canceled/14918,,,论坛议题，非已执行提案
E2022-05-24,回购与留存,2022-05-24,,2022-05-27T16:00:53.000000Z,2022-05-29T16:01:55.000000Z,2023-07-18,新SBE替换旧盈余拍卖路径,已执行,进一步限制拍卖,并行拍卖额度15万→3万DAI。,https://github.com/sky-ecosystem/spells-mainnet/blob/0c57941f1164bff2eaacf7568226b14c43e230af/archive/2022-05-24-DssSpell/DssSpell.sol,https://etherscan.io/tx/0xd177ef10b9368ddf51f513feea973a5b55792010abfe97e3a811cbd4796e5603,https://raw.githubusercontent.com/makerdao/community/45d2525f0b3f57a3e102fbd7034d1d912dea921a/governance/votes/Executive%20vote%20-%20May%2025%2C%202022.md,UTC；运行结束指被替换或停止，不是投票结束
T06,历史机制,2022-09-07,2022-10-24,,2022-10-24,2023-03-27,历史事件，日期精度见影响说明,历史机制／框架,Endgame预启动框架,组织重构和后续代币激励路线，尚未形成即时收入分红；随后进入宪章框架。,https://vote.makerdao.com/polling/QmTmS5Nf,,https://vote.makerdao.com/polling/QmTmS5Nf;https://raw.githubusercontent.com/sky-ecosystem/mips/master/MIP83/MIP83.md,UTC；2017为公告日；2022/2023框架为投票结束日
T07,历史机制,2023-01-31,2023-03-27,,2023-03-27,,历史事件，日期精度见影响说明,历史机制／框架,宪章与参与式奖励框架,确立后续SubDAO及参与式奖励方向，具体奖励需后续提案部署；条文后来持续改写。,https://vote.makerdao.com/polling/Qmbndmkr,,https://vote.makerdao.com/polling/Qmbndmkr;https://raw.githubusercontent.com/sky-ecosystem/mips/master/MIP101/MIP101.md,UTC；2017为公告日；2022/2023框架为投票结束日
E2023-07-14,回购与留存,2023-07-14,,2023-07-16T19:44:59.000000Z,2023-07-18T20:05:11.000000Z,2024-09-30,9月17日先迁为USDS/SKY币对；9月30日停止新增LP,已执行,SBE买币并配LP,买MKR并与DAI组成协议持有的LP，买入不会直接销毁MKR。,https://github.com/sky-ecosystem/spells-mainnet/blob/0c57941f1164bff2eaacf7568226b14c43e230af/archive/2023-07-14-DssSpell/DssSpell.sol,https://etherscan.io/tx/0xbab4db674608892a95b8979c364acf14f02c0d53f8edf6058b76feee0727c978,https://raw.githubusercontent.com/makerdao/community/9cdf05e59054bf3c9f83d3b52717e27775b0267e/governance/votes/Executive%20vote%20-%20July%2014%2C%202023.md,UTC；运行结束指被替换或停止，不是投票结束
E2023-08-18,回购与留存,2023-08-18,,2023-08-18T14:24:59.000000Z,2023-08-20T14:25:11.000000Z,2023-12-04,被下一配置替换,已执行,SBE批量与间隔,"每次5,000→20,000 DAI；间隔1,577→6,308秒，理论日速率基本不变。",https://github.com/sky-ecosystem/spells-mainnet/blob/0c57941f1164bff2eaacf7568226b14c43e230af/archive/2023-08-18-DssSpell/DssSpell.sol,https://etherscan.io/tx/0x172fec8d33b7ba0c45f7cb998250071b1caa179662087d2d239a81110dcef97c,https://raw.githubusercontent.com/makerdao/community/15a0474494d97483d0ce3acaa288a0d3ab88d8e0/governance/votes/Executive%20vote%20-%20August%2018%2C%202023.md,UTC；运行结束指被替换或停止，不是投票结束
E2023-11-29,回购与留存,2023-11-29,,2023-12-02T14:56:59.000000Z,2023-12-04T14:57:11.000000Z,2024-01-29,被下一配置替换,已执行,降低SBE速度,"每次3万DAI、间隔15,768秒；相对旧配置降低日处理速度。",https://github.com/sky-ecosystem/spells-mainnet/blob/0c57941f1164bff2eaacf7568226b14c43e230af/archive/2023-11-29-DssSpell/DssSpell.sol,https://etherscan.io/tx/0x72c4d31736c6dd667762a8adc480d83f811d1271dd6906f6fdf6c662388879f8,https://raw.githubusercontent.com/makerdao/community/bf322ac65482bfc3f42bdb58dcc11a2f2ceeba5a/governance/votes/Executive%20vote%20-%20November%2029%2C%202023.md,UTC；运行结束指被替换或停止，不是投票结束
E2024-01-24,回购与留存,2024-01-24,,2024-01-26T16:02:47.000000Z,2024-01-29T14:00:35.000000Z,2024-03-18,间隔进一步缩短,已执行,SBE批量与间隔,"每次5万DAI、间隔26,280秒，理论日速率基本不变。",https://github.com/sky-ecosystem/spells-mainnet/blob/0c57941f1164bff2eaacf7568226b14c43e230af/archive/2024-01-24-DssSpell/DssSpell.sol,https://etherscan.io/tx/0x5af2903c6977647a982d4cbf0e33b2258443874b2afff23ce3ca91d3e4b45189,https://raw.githubusercontent.com/makerdao/community/052330ed0eb8680dd9e4efaf92a4c056e46a4284/governance/votes/Executive%20vote%20-%20January%2024%2C%202024.md,UTC；运行结束指被替换或停止，不是投票结束
E2024-03-06,回购与留存,2024-03-06,,2024-03-15T14:51:23.000000Z,2024-03-18T14:00:23.000000Z,2024-03-29,被下一配置替换,已执行,提高SBE速度,"间隔26,280→19,710秒。",https://github.com/sky-ecosystem/spells-mainnet/blob/0c57941f1164bff2eaacf7568226b14c43e230af/archive/2024-03-06-DssSpell/DssSpell.sol,https://etherscan.io/tx/0x42360f376ade384dddee970b309e051380d0b201127e505eb70c8e6e6c1909c8,https://raw.githubusercontent.com/makerdao/community/94c78956105c9ff0cb5aa3662e371f75bfb4fa5f/governance/votes/Executive%20Vote%20-%20March%206%2C%202024.md,UTC；运行结束指被替换或停止，不是投票结束
E2024-03-26,回购与留存,2024-03-26,,2024-03-28T15:26:59.000000Z,2024-03-29T14:01:35.000000Z,2024-07-01,批量与间隔被下一配置替换,已执行,提高SBE速度,"每次5万→7.5万DAI，间隔19,710→11,826秒。",https://github.com/sky-ecosystem/spells-mainnet/blob/0c57941f1164bff2eaacf7568226b14c43e230af/archive/2024-03-26-DssSpell/DssSpell.sol,https://etherscan.io/tx/0x13cb364c2019ca51372a9e943f0963a0b3c53bfd8360ea0397a572b6cd3671a9,https://raw.githubusercontent.com/makerdao/community/a90e4c4e5c44163fb78597f5d55690753e071711/governance/votes/Executive%20vote%20-%20March%2026%2C%202024.md,UTC；运行结束指被替换或停止，不是投票结束
E2024-05-30,回购与留存,2024-05-30,,2024-06-04T15:36:23.000000Z,2024-06-05T21:36:35.000000Z,2024-10-21,"被6,000万缓冲替换",已执行,增加留存门槛,"盈余缓冲5,000万→5,500万DAI。",https://github.com/sky-ecosystem/spells-mainnet/blob/0c57941f1164bff2eaacf7568226b14c43e230af/archive/2024-05-30-DssSpell/DssSpell.sol,https://etherscan.io/tx/0xb29c2d730d9093e3de1988da07903a0b05f7bdac2384e17783056e2af9e76dd9,https://raw.githubusercontent.com/makerdao/community/907dc444bc87c98bbc089c1eb8509a3c9781a11d/governance/votes/Executive%20vote%20-%20May%2030%2C%202024.md,UTC；运行结束指被替换或停止，不是投票结束
E2024-06-27,回购与留存,2024-06-27,,2024-06-29T13:58:47.000000Z,2024-07-01T14:00:23.000000Z,2024-09-30,SwapOnly配置接替,已执行,SBE批量与间隔,"每次6.5万DAI、间隔10,249秒，理论日速率基本不变。",https://github.com/sky-ecosystem/spells-mainnet/blob/0c57941f1164bff2eaacf7568226b14c43e230af/archive/2024-06-27-DssSpell/DssSpell.sol,https://etherscan.io/tx/0xd1409a96d4cefde1e9b351fb8a56b085020f7acda8b8df6a03f856a4f5a767a0,https://raw.githubusercontent.com/makerdao/community/9d961acbbe5d2521b89af70d3e8aea8e89094301/governance/votes/Executive%20Vote%20-%20June%2027%2C%202024.md,UTC；运行结束指被替换或停止，不是投票结束
E2024-09-13,迁移与借款,2024-09-13,,2024-09-14T14:08:35.000000Z,2024-09-17T12:00:23.000000Z,2025-06-30,仅旧双向转换器在此日停止；SKY本身继续存在,已执行,SKY、USDS与转换器上线,"MKR按1∶24,000基础比例双向换SKY；协议LP迁至USDS/SKY；建立存USDS领取SKY的奖励流。",https://github.com/sky-ecosystem/spells-mainnet/blob/0c57941f1164bff2eaacf7568226b14c43e230af/archive/2024-09-13-DssSpell/DssSpell.sol,https://etherscan.io/tx/0x2221973333bd0c22f8b1b2593fa9817765bafcf65a2d3c25ebde8df06bbd197c,https://raw.githubusercontent.com/makerdao/community/4911c55070a1f40998da1caba08bda37d6c615bb/governance/votes/Executive%20vote%20-%20September%2013%2C%202024.md,UTC；运行结束指被替换或停止，不是投票结束
E2024-09-27,回购与留存,2024-09-27,,2024-09-28T20:09:11.000000Z,2024-09-30T14:00:23.000000Z,2024-10-21,100%买币分流改为70%买币、30%奖励,已执行,改为只买SKY,"停止新增LP，买到的SKY进入协议国库；每次2.5万USDS、间隔11,635秒。",https://github.com/sky-ecosystem/spells-mainnet/blob/0c57941f1164bff2eaacf7568226b14c43e230af/archive/2024-09-27-DssSpell/DssSpell.sol,https://etherscan.io/tx/0xfc1d79ef313c8b5af720830fb9f7f029bf700cbdfc0a472e12df1c72cce6be43,https://raw.githubusercontent.com/makerdao/community/8aff80b3462461352120c9dc79598dc6dc617bdf/governance/votes/Executive%20Vote%20-%20September%2027%2C%202024.md,UTC；运行结束指被替换或停止，不是投票结束
E2024-10-17,回购与留存,2024-10-17,,2024-10-19T14:11:23.000000Z,2024-10-21T14:00:23.000000Z,2025-02-24,该70/30分流结束；旧引擎退出费不能等同新SKY引擎,已执行,70%买币、30%USDS奖励,"启用支持MKR和SKY的旧Seal质押引擎和USDS奖励；旧引擎退出费5%。缓冲6,000万，间隔15,649秒。",https://github.com/sky-ecosystem/spells-mainnet/blob/0c57941f1164bff2eaacf7568226b14c43e230af/archive/2024-10-17-DssSpell/DssSpell.sol,https://etherscan.io/tx/0xda31ba8a27ff7166680d9b556abe508a713a5e2028a729f87334d1c1ef4ccad6,https://raw.githubusercontent.com/makerdao/community/7c7d7d16734407fdde827801ab4bbd6878560375/governance/votes/Executive%20vote%20-%20October%2017%2C%202024.md,UTC；运行结束指被替换或停止，不是投票结束
E2024-11-28,回购与留存,2024-11-28,,2024-11-29T22:35:11.000000Z,2024-11-30T14:35:23.000000Z,2025-02-24,"缓冲降低至7,000万",已执行,提高留存门槛,"盈余缓冲6,000万→1.2亿USDS。",https://github.com/sky-ecosystem/spells-mainnet/blob/0c57941f1164bff2eaacf7568226b14c43e230af/archive/2024-11-28-DssSpell/DssSpell.sol,https://etherscan.io/tx/0x1dd63197c18cadffce8107c4d7219e4d6e9afaf75540d07e2e7a60cfb63b8433,https://raw.githubusercontent.com/makerdao/community/afff0eca31d7c18b7f745a95e1f07462a556270b/governance/votes/Executive%20vote%20-%20November%2028%2C%202024.md,UTC；运行结束指被替换或停止，不是投票结束
E2025-02-21,回购与留存,2025-02-21,,2025-02-22T18:22:59.000000Z,2025-02-24T14:00:23.000000Z,2025-06-02,100%分流被50/50替换；期间执行速度另有调整,已执行,100%买币、停止USDS分流,"解除历史LP、资产回国库；缓冲7,000万，每次1万、间隔876秒；资金全部买SKY。",https://github.com/sky-ecosystem/spells-mainnet/blob/0c57941f1164bff2eaacf7568226b14c43e230af/archive/2025-02-21-DssSpell/DssSpell.sol,https://etherscan.io/tx/0x395e70dfbb3b3a23fbfd0e7a4ad659c77302e2f5923606e006e981097cc27ef9,https://raw.githubusercontent.com/makerdao/community/6774aae11f98ee634b3f7711b8cdfab37edb4b86/governance/votes/Executive%20vote%20-%20February%2021%2C%202025.md,UTC；运行结束指被替换或停止，不是投票结束
E2025-03-06,回购与留存,2025-03-06,,2025-03-08T15:07:11.000000Z,2025-03-10T14:00:47.000000Z,2025-03-24,被下一配置替换,已执行,降低买币速度,"间隔876→2,160秒。",https://github.com/sky-ecosystem/spells-mainnet/blob/0c57941f1164bff2eaacf7568226b14c43e230af/archive/2025-03-06-DssSpell/DssSpell.sol,https://etherscan.io/tx/0xb12149a559725f28a742a85219ea71b824652ebe5f4b125480b5dbca3395aa2a,https://raw.githubusercontent.com/makerdao/community/878d6d6f39c0fec5ff53e9f05a99e8e60f0fb7d4/governance/votes/Executive%20vote%20-%20March%206%2C%202025.md,UTC；运行结束指被替换或停止，不是投票结束
E2025-03-20,回购与留存,2025-03-20,,2025-03-21T14:52:23.000000Z,2025-03-24T14:00:35.000000Z,2025-04-07,被下一配置替换,已执行,提高买币速度,"间隔2,160→1,728秒。",https://github.com/sky-ecosystem/spells-mainnet/blob/0c57941f1164bff2eaacf7568226b14c43e230af/archive/2025-03-20-DssSpell/DssSpell.sol,https://etherscan.io/tx/0xfa915f838ad5b31fe05d1f31669af9496e65c5cc0656695298bd14dc8b6793ab,https://raw.githubusercontent.com/makerdao/community/93ebde6f0f265d990be3a3ec6524845ddc06e593/governance/votes/Executive%20vote%20-%20March%2020%2C%202025.md,UTC；运行结束指被替换或停止，不是投票结束
E2025-04-03,回购与留存,2025-04-03,,2025-04-04T15:26:23.000000Z,2025-04-07T14:00:35.000000Z,2025-04-21,被下一配置替换,已执行,提高买币速度,"间隔1,728→1,235秒。",https://github.com/sky-ecosystem/spells-mainnet/blob/0c57941f1164bff2eaacf7568226b14c43e230af/archive/2025-04-03-DssSpell/DssSpell.sol,https://etherscan.io/tx/0x269d75d67578c23eac3691228042501baa803d3b5680cfef141b7203e9ff3058,https://raw.githubusercontent.com/makerdao/community/d5a63907ac05e2fa109bf1e44f2e00a6769635e1/governance/votes/Executive%20vote%20-%20April%203%2C%202025.md,UTC；运行结束指被替换或停止，不是投票结束
E2025-04-17,奖励调整,2025-04-17,,2025-04-18T14:14:59.000000Z,2025-04-21T14:00:59.000000Z,2025-06-02,铸币奖励流被库存奖励流替换,已执行,降低买币速度、调整旧SKY奖励,"间隔回到1,728秒；存USDS领取SKY的旧铸币奖励流停止，换成新182天奖励流。",https://github.com/sky-ecosystem/spells-mainnet/blob/0c57941f1164bff2eaacf7568226b14c43e230af/archive/2025-04-17-DssSpell/DssSpell.sol,https://etherscan.io/tx/0xc147db030f1033e0fcc151f8c74236eee05604d16be7403f5becf193b2b1e45f,https://raw.githubusercontent.com/makerdao/community/cb6a4fbc91f5e861ae19b559b871f2206d089a3a/governance/votes/Executive%20vote%20-%20April%2017%2C%202025.md,UTC；运行结束指被替换或停止，不是投票结束
E2025-05-15,迁移与借款,2025-05-15,,2025-05-16T15:01:35.000000Z,2025-05-19T14:01:47.000000Z,,已生效；旧转换器6月30日才停止,已执行,治理和Staking迁到SKY,治理代币改为SKY；新SKY质押引擎退出费0%；启用可设迁移扣减的单向转换器。,https://github.com/sky-ecosystem/spells-mainnet/blob/0c57941f1164bff2eaacf7568226b14c43e230af/archive/2025-05-15-DssSpell/DssSpell.sol,https://etherscan.io/tx/0xb2dd9e6858eb3a46e2215426bcfe23231a97ea1be87bbeb9eeeb2798ce077d48,https://raw.githubusercontent.com/makerdao/community/5ca420d2d2c0ad1a159914a7942eacc8b621ab7d/governance/votes/Executive%20vote%20-%20May%2015%2C%202025.md,UTC；运行结束指被替换或停止，不是投票结束
E2025-05-29,回购与留存,2025-05-29,,2025-05-31T04:26:35.000000Z,2025-06-02T14:47:35.000000Z,2025-08-25,50/50分流结束；库存奖励流7月28日已单独替换,已执行,50%买币、50%USDS奖励,新SKY质押者领取USDS；开放质押仓位借款。存USDS领取SKY的奖励改用国库库存1.375亿枚／182天。,https://github.com/sky-ecosystem/spells-mainnet/blob/0c57941f1164bff2eaacf7568226b14c43e230af/archive/2025-05-29-DssSpell/DssSpell.sol,https://etherscan.io/tx/0x4ddc25f122e8092d40a008e2a1807ed81beb514f054345085ef863cdf266cf5e,https://raw.githubusercontent.com/makerdao/executive-votes/617c68e9e2529f9633d7bd27e0840b86c5b1d528/2025/executive-vote-2025-05-29-MKR-to-SKY-upgrade-phase-two.md,UTC；运行结束指被替换或停止，不是投票结束
E2025-06-26,奖励调整,2025-06-26,,2025-06-28T14:54:23.000000Z,2025-06-30T14:00:23.000000Z,2026-01-19,SPK奖励流提前停止；供应纠正为一次性动作,已执行,SPK奖励与供应纠正,"停旧转换器；纠正预铸供应并烧毁4.263亿SKY；新增质押SKY领取SPK的9.75亿枚／730天奖励流。缓冲降5,000万，买币间隔2,160秒。",https://github.com/sky-ecosystem/spells-mainnet/blob/0c57941f1164bff2eaacf7568226b14c43e230af/archive/2025-06-26-DssSpell/DssSpell.sol,https://etherscan.io/tx/0x666eb7807c1b4098f9b91658eb008e8931063c5050e4dbe28bd6fac3a2948d02,https://raw.githubusercontent.com/sky-ecosystem/executive-votes/2ee633d82b2dfea35386b6bbd060db2df50a5d67/2025/executive-vote-2025-06-26-SPK-farming-MKR-to-SKY-partial-upgrade-phase-three.md,UTC；运行结束指被替换或停止，不是投票结束
E2025-07-24,奖励调整,2025-07-24,,2025-07-27T16:11:35.000000Z,2025-07-28T16:11:47.000000Z,2025-09-08,奖励流被新额度替换,已执行,存USDS领取SKY：重设奖励,"国库SKY奖励流改为100,851,495枚／182天。",https://github.com/sky-ecosystem/spells-mainnet/blob/0c57941f1164bff2eaacf7568226b14c43e230af/archive/2025-07-24-DssSpell/DssSpell.sol,https://etherscan.io/tx/0xdd5bf338720c06dd098216e53a276a8bac00fddd80e94757f4e12c9e09f853ab,https://raw.githubusercontent.com/sky-ecosystem/executive-votes/637e2eee88d66b1430da42910721bdae50b756bd/2025/executive-vote-2025-07-24.md,UTC；运行结束指被替换或停止，不是投票结束
E2025-08-07,迁移与借款,2025-08-07,,2025-08-08T14:13:47.000000Z,2025-08-11T14:00:23.000000Z,,一次性下线动作,已执行,旧MKR质押借款下线,移除旧LSE-MKR-A借款类型，使用SKY的新引擎承接。,https://github.com/sky-ecosystem/spells-mainnet/blob/0c57941f1164bff2eaacf7568226b14c43e230af/archive/2025-08-07-DssSpell/DssSpell.sol,https://etherscan.io/tx/0x39372da80325b306a02f93de009ecaffdd6e106b7cbd7f305ab7a39adbc527ed,https://raw.githubusercontent.com/sky-ecosystem/executive-votes/5f326b5158efd320d2ca1fe6c6cbaafa7664a70f/2025/executive-vote-2025-08-07-deactivate-morpho-ddm-chainlog-management.md,UTC；运行结束指被替换或停止，不是投票结束
P2025-08-11,治理框架,2025-08-11,2025-08-14T16:00:00Z,,,2025-11-03,相应规则随后替换；政策投票不等于链上配置已生效,投票结束、Atlas已合入,调整买币和质押USDS分流,支持75%USDS奖励、25%买币；8月25日链上生效。,https://forum.sky.money/t/weekly-cycle-atlas-edit-proposal-week-starting-2025-08-11/27008,,https://github.com/sky-ecosystem/next-gen-atlas/pull/42,投票为UTC；Atlas合入 2025-08-15T12:52:33Z
E2025-08-21,回购与留存,2025-08-21,,2025-08-22T15:47:35.000000Z,2025-08-25T14:00:23.000000Z,2025-11-03,25/75分流结束,已执行,25%买币、75%USDS奖励,分流向质押USDS奖励倾斜；盈余缓冲降至100万USDS。,https://github.com/sky-ecosystem/spells-mainnet/blob/0c57941f1164bff2eaacf7568226b14c43e230af/archive/2025-08-21-DssSpell/DssSpell.sol,https://etherscan.io/tx/0x9dff3cf283969f0d6b54347829463aabbcad43e79ebb7ad20c5154e951586e3f,https://raw.githubusercontent.com/sky-ecosystem/executive-votes/51170397cdb879918c477c9f0b27121802b5b963/2025/executive-vote-2025-08-21.md,UTC；运行结束指被替换或停止，不是投票结束
E2025-09-04,迁移与借款,2025-09-04,,2025-09-07T16:40:59.000000Z,2025-09-08T16:41:11.000000Z,,借款机制继续；旧奖励流2025-10-08被替换,已执行,stUSDS支持质押借款,"stUSDS为质押SKY借款提供资金并引入利率调整机制；存USDS领取SKY的流改为76,739,938枚／182天。",https://github.com/sky-ecosystem/spells-mainnet/blob/0c57941f1164bff2eaacf7568226b14c43e230af/archive/2025-09-04-DssSpell/DssSpell.sol,https://etherscan.io/tx/0x0032e26b8e4b284e3c61ea8aeb0870e3f0dbb7d3173945faf0449ca6ec5138e8,https://raw.githubusercontent.com/sky-ecosystem/executive-votes/68ab3d1a04eb4d71b1c8dd26f391da6cdd3e93d5/2025/executive-vote-2025-09-04-stusds-onboarding.md,UTC；运行结束指被替换或停止，不是投票结束
E2025-09-18,迁移与借款,2025-09-18,,2025-09-19T14:36:11.000000Z,2025-09-22T14:00:23.000000Z,2025-12-15,分别改为2%和120%,已执行,迁移扣减1%、抵押要求提高,MKR→SKY扣减0%→1%；质押借款清算抵押率125%→145%。,https://github.com/sky-ecosystem/spells-mainnet/blob/0c57941f1164bff2eaacf7568226b14c43e230af/archive/2025-09-18-DssSpell/DssSpell.sol,https://etherscan.io/tx/0x0d42cb72cf7e58c7a7df17d976e7421c453318344138be55b1fc4e2db4655a74,https://raw.githubusercontent.com/sky-ecosystem/executive-votes/bc3a1fef51159885cfcf6f8acba83db95fe3ea7d/2025/executive-vote-2025-09-18.md,UTC；运行结束指被替换或停止，不是投票结束
P2025-09-29,治理框架,2025-09-29,2025-10-02T16:00:00Z,,,,相应规则随后替换；政策投票不等于链上配置已生效,投票结束、Atlas已合入,Genesis后备资本,完善后备资本安排，影响盈余优先留存和损失承担顺序。,https://forum.sky.money/t/atlas-edit-weekly-cycle-proposal-week-of-2025-09-29/27222,,https://github.com/sky-ecosystem/next-gen-atlas/pull/63,投票为UTC；Atlas合入 2025-10-02T18:26:09Z
E2025-10-06,迁移与借款,2025-10-06,,2025-10-07T16:37:11.000000Z,2025-10-08T16:37:23.000000Z,2025-12-15,封顶值和奖励额度均被下一配置替换,已执行,限制SKY借款估值、调整奖励,"质押借款预言机估值封顶0.04 USDS；旧USDS存款SKY奖励改为68,379,376枚／182天。",https://github.com/sky-ecosystem/spells-mainnet/blob/0c57941f1164bff2eaacf7568226b14c43e230af/archive/2025-10-06-DssSpell/DssSpell.sol,https://etherscan.io/tx/0x0af39af528cd328028432e17f451aff046b19536824007f2e1665f1b7ed5b2e3,https://raw.githubusercontent.com/sky-ecosystem/executive-votes/071f7daed43a2912d719ef1e3d120eda34da38ba/2025/executive-vote-2025-10-06-lockstake-capped-osm-wrapper.md,UTC；运行结束指被替换或停止，不是投票结束
P2025-10-20,治理框架,2025-10-20,2025-10-23T16:00:00Z,,,,相应规则随后替换；政策投票不等于链上配置已生效,投票结束、Atlas已合入,买币参数调整权限,给予Core Facilitator在授权范围内调整SBE参数的灵活性。,https://forum.sky.money/t/atlas-edit-weekly-cycle-proposal-week-of-2025-10-20/27327,,https://github.com/sky-ecosystem/next-gen-atlas/pull/89,投票为UTC；Atlas合入 2025-10-23T22:33:21Z
P2025-10-27,治理框架,2025-10-27,2025-10-30T16:00:00Z,,,2026-04-30,相应规则随后替换；政策投票不等于链上配置已生效,投票结束、Atlas已合入,SKY奖励与早期TMF,支持质押SKY领取SKY；建立治理缓冲相关财库安排，11月3日相关合约执行。,https://forum.sky.money/t/atlas-edit-weekly-cycle-proposal-week-of-2025-10-27/27362,,https://github.com/sky-ecosystem/next-gen-atlas/pull/96,投票为UTC；Atlas合入 2025-10-31T16:36:16Z
E2025-10-30,回购与留存,2025-10-30,,2025-11-02T14:37:59.000000Z,2025-11-03T14:38:11.000000Z,2026-08-17,100%分流结束；10亿奖励流2026-03-02已提前替换,已执行,100%买币、改发SKY奖励,停止该分流器USDS奖励；国库提供10亿SKY／180天给SKY质押者。新Kicker允许在负盈余缓冲时按预算买币。,https://github.com/sky-ecosystem/spells-mainnet/blob/0c57941f1164bff2eaacf7568226b14c43e230af/archive/2025-10-30-DssSpell/DssSpell.sol,https://etherscan.io/tx/0x2d6e84b14e37b05ec6b448226b3fd7724fc1f8dd8345a24edc1c3845a33abc89,https://raw.githubusercontent.com/sky-ecosystem/executive-votes/13a79eba7f9097edfa7edefe09c1960cadeabffb/2025/executive-vote-2025-10-30-init-kicker-lsSKY-farm-and-spark-starguard.md,UTC；运行结束指被替换或停止，不是投票结束
P2025-12-01,治理框架,2025-12-01,2025-12-04T16:00:00Z,,,2026-04-30,相应规则随后替换；政策投票不等于链上配置已生效,投票结束、Atlas已合入,净收入定义,调整净收入计算口径，影响奖励和留存可用基数。,https://forum.sky.money/t/atlas-edit-weekly-cycle-proposal-week-of-2025-12-01/27488,,https://github.com/sky-ecosystem/next-gen-atlas/pull/133,投票为UTC；Atlas合入 2025-12-04T16:56:39Z
E2025-12-11,迁移与借款,2025-12-11,,2025-12-12T15:27:47.000000Z,2025-12-15T14:00:23.000000Z,2026-03-14,仅2%迁移阶段结束；旧USDS存款奖励2026-01-19停止,已执行,迁移扣减2%、借款参数重设,"MKR扣减1%→2%；清算抵押率145%→120%；估值封顶0.04→0.025 USDS；存USDS奖励流改60,297,057 SKY／182天。",https://github.com/sky-ecosystem/spells-mainnet/blob/0c57941f1164bff2eaacf7568226b14c43e230af/archive/2025-12-11-DssSpell/DssSpell.sol,https://etherscan.io/tx/0x0e371cc8b68be74acd5a8dcbf39c50a1879248278bbc9dc2e33b2413d6ad601f,https://raw.githubusercontent.com/sky-ecosystem/executive-votes/2dbaa7254daeafe71ceed9f163fe068d43a885ab/2025/executive-vote-2025-12-11-launch-ccea1-subproxy-and-starguard.md,UTC；运行结束指被替换或停止，不是投票结束
P2026-01-12,治理框架,2026-01-12,2026-01-15T16:00:00Z,,,,相应规则随后替换；政策投票不等于链上配置已生效,投票结束、Atlas已合入,结束旧奖励计划,将USDS存款SKY奖励和SKY质押SPK奖励设为0；1月19日执行停止。,https://forum.sky.money/t/atlas-edit-weekly-cycle-proposal-week-of-2026-01-12/27606,,https://github.com/sky-ecosystem/next-gen-atlas/pull/156,投票为UTC；Atlas合入 2026-01-19T13:38:22Z
E2026-01-15,奖励调整,2026-01-15,,2026-01-16T15:27:23.000000Z,2026-01-19T14:00:35.000000Z,2026-01-19,停止动作在此日执行，不抹去已累计权益,已执行,停止两类旧奖励,停止存USDS领取SKY和质押SKY领取SPK的新奖励流入；已经累计的奖励另按合约领取。,https://github.com/sky-ecosystem/spells-mainnet/blob/0c57941f1164bff2eaacf7568226b14c43e230af/archive/2026-01-15-DssSpell/DssSpell.sol,https://etherscan.io/tx/0x277e82984afca8e4cbbbfb0dcdd04602243c549dedb7530a59597648794e8851,https://raw.githubusercontent.com/sky-ecosystem/executive-votes/b8d7190058360e315d762041c135e8080eeadb5e/2026/executive-vote-2026-01-15-reduce-rewards-guni-offboarding.md,UTC；运行结束指被替换或停止，不是投票结束
P2026-02-02,治理框架,2026-02-02,2026-02-05T16:00:00Z,,,,相应规则随后替换；政策投票不等于链上配置已生效,投票结束、Atlas已合入,资本计量定义,明确后备资本计算不包括Core Council和代表缓冲，影响资本缺口判断。,https://forum.sky.money/t/atlas-edit-weekly-cycle-proposal-week-of-2026-02-02/27675,,https://github.com/sky-ecosystem/next-gen-atlas/pull/176,投票为UTC；Atlas合入 2026-02-05T16:17:03Z
E2026-02-26,奖励调整,2026-02-26,,2026-02-27T15:01:35.000000Z,2026-03-02T14:00:23.000000Z,2026-04-13,被下一奖励流替换,已执行,SKY质押奖励重设,"838,182,330 SKY／180天，提前替换原10亿枚奖励流。",https://github.com/sky-ecosystem/spells-mainnet/blob/0c57941f1164bff2eaacf7568226b14c43e230af/archive/2026-02-26-DssSpell/DssSpell.sol,https://etherscan.io/tx/0xdac2121d767cc100190a6f64ef26d5849af523a3fb0b92d9d6155f336990f289,https://raw.githubusercontent.com/sky-ecosystem/executive-votes/f4c6fc80ce4bd80d8b92d4c15ba4c8a777cf7bc7/2026/executive-vote-2026-02-26-agent-6-and-7-onboarding.md,UTC；运行结束指被替换或停止，不是投票结束
P2026-03-09,治理框架,2026-03-09,2026-03-12T16:00:00Z,,,2026-08-17,相应规则随后替换；政策投票不等于链上配置已生效,投票结束、Atlas已合入,削减SKY买币预算,日买币预算30万降至约3.76万USDS，3月14日执行。,https://forum.sky.money/t/atlas-edit-weekly-cycle-proposal-week-of-2026-03-09/27750,,https://github.com/sky-ecosystem/next-gen-atlas/pull/196,投票为UTC；Atlas合入 2026-03-12T22:07:30Z
E2026-03-12,回购与留存,2026-03-12,,2026-03-13T14:34:11.000000Z,2026-03-14T14:41:23.000000Z,2026-08-17,低买币速度结束；3%迁移阶段于6月8日先结束,已执行,大幅降低买币速度,"日预算约30万→3.76万USDS；每次1万→6,000、间隔2,880→13,787秒。MKR迁移扣减2%→3%。",https://github.com/sky-ecosystem/spells-mainnet/blob/0c57941f1164bff2eaacf7568226b14c43e230af/archive/2026-03-12-DssSpell/DssSpell.sol,https://etherscan.io/tx/0xd8986484a5b863e5f159889b25a6b434b5045405bf648db2223534dc49d01744,https://raw.githubusercontent.com/sky-ecosystem/executive-votes/ba290bc0ad06577e0c2694d90cee0a3a1b5ec2c8/2026/executive-vote-2026-03-12-buyback-reduction-safe-harbor-adoption.md,UTC；运行结束指被替换或停止，不是投票结束
P2026-04-06,治理框架,2026-04-06,2026-04-09T16:00:00Z,,,2026-04-30,相应规则随后替换；政策投票不等于链上配置已生效,投票结束、Atlas已合入,质押奖励分档、提高资本目标,按质押活跃度设置奖励档位；后备资本目标提高至1.5亿美元。,https://forum.skyeco.com/t/atlas-edit-weekly-cycle-proposal-week-of-2026-04-06/27822,,https://github.com/sky-ecosystem/next-gen-atlas/pull/219,投票为UTC；Atlas合入 2026-04-09T19:07:14Z
E2026-04-09,奖励调整,2026-04-09,,2026-04-11T17:46:11.000000Z,2026-04-13T14:10:47.000000Z,2026-04-27,被下一奖励流提前替换,已执行,SKY质押奖励重设,"192,110,322 SKY／90天。",https://github.com/sky-ecosystem/spells-mainnet/blob/0c57941f1164bff2eaacf7568226b14c43e230af/archive/2026-04-09-DssSpell/DssSpell.sol,https://etherscan.io/tx/0x765fe431f6be000ea8a46fd5d3ef1d6022b7a0e7a4d95b531213fb0bd348179c,https://raw.githubusercontent.com/sky-ecosystem/executive-votes/656d5a6d9e8041203d98823248e64d87771681d3/2026/executive-vote-2026-04-09-launch-avalanche-skylink-staking-rewards-update.md,UTC；运行结束指被替换或停止，不是投票结束
P2026-04-20,治理框架,2026-04-20,2026-04-23T16:00:00Z,,,,相应规则随后替换；政策投票不等于链上配置已生效,投票结束、Atlas已合入,调整亏损承担顺序,Genesis后备资本先于SKY后备资本承担损失，改变SKY资本受损条件。,https://forum.skyeco.com/t/atlas-edit-weekly-cycle-proposal-week-of-2026-04-20/27851,,https://github.com/sky-ecosystem/next-gen-atlas/pull/224,投票为UTC；Atlas合入 2026-04-24T05:16:34Z
E2026-04-23,奖励调整,2026-04-23,,2026-04-24T19:32:23.000000Z,2026-04-27T14:02:59.000000Z,2026-05-11,被下一奖励流提前替换,已执行,SKY质押奖励重设,"53,960,949 SKY／90天。",https://github.com/sky-ecosystem/spells-mainnet/blob/0c57941f1164bff2eaacf7568226b14c43e230af/archive/2026-04-23-DssSpell/DssSpell.sol,https://etherscan.io/tx/0xa02c0c6809d65b0f6b1f32c4dd6aa974052b798f02e0fbbb1d3e4d39e98cd5db,https://raw.githubusercontent.com/sky-ecosystem/executive-votes/ad4f3f9c5e92d42df55c2dfa5d8d60b1e4af436b/2026/executive-vote-2026-04-23-msc-staking-rewards-update.md,UTC；运行结束指被替换或停止，不是投票结束
P2026-04-27,治理框架,2026-04-27,2026-04-30T16:00:00Z,,,,相应规则随后替换；政策投票不等于链上配置已生效,投票结束、Atlas已合入,重写四步TMF,按安全维护、资本留存、奖励、销毁分配；替换旧奖励分档及净收入比例。8月17日主要分流配置上链。,https://forum.skyeco.com/t/atlas-edit-weekly-cycle-proposal-week-of-2026-04-27/27864,,https://github.com/sky-ecosystem/next-gen-atlas/pull/227,投票为UTC；Atlas合入 2026-04-30T18:52:16Z
E2026-05-07,奖励调整,2026-05-07,,2026-05-08T21:11:11.000000Z,2026-05-11T14:01:23.000000Z,2026-06-22,被下一奖励流提前替换,已执行,SKY质押奖励重设,"239,982,804 SKY／90天。",https://github.com/sky-ecosystem/spells-mainnet/blob/0c57941f1164bff2eaacf7568226b14c43e230af/archive/2026-05-07-DssSpell/DssSpell.sol,https://etherscan.io/tx/0xb03f728b109246f53d8fbc88c6a35584b8df9e2f0281dfca6e6d401adb7230d6,https://raw.githubusercontent.com/sky-ecosystem/executive-votes/aae1a8707278ec69c89ae6ae2848965c73b2fc7a/2026/executive-vote-2026-05-07-solana-bridge-unpause-gsm-increase-msc-staking-rewards-update.md,UTC；运行结束指被替换或停止，不是投票结束
P2026-05-11,治理框架,2026-05-11,2026-05-14T16:00:00Z,,,2026-09-17,相应规则随后替换；政策投票不等于链上配置已生效,投票结束、Atlas已合入,过渡期质押奖励,临时以资本步骤后余额的50%确定SKY奖励、由国库供币；后续被两类奖励协调机制替换。,https://forum.skyeco.com/t/atlas-edit-weekly-cycle-proposal-week-of-2026-05-11/27897,,https://github.com/sky-ecosystem/next-gen-atlas/pull/242,投票为UTC；Atlas合入 2026-05-15T14:47:25Z
E2026-06-04,迁移与借款,2026-06-04,,2026-06-06T00:00:23.000000Z,2026-06-08T14:22:59.000000Z,2026-09-13,被5%阶段替换,已执行,迁移扣减4%,MKR→SKY扣减3%→4%。,https://github.com/sky-ecosystem/spells-mainnet/blob/0c57941f1164bff2eaacf7568226b14c43e230af/archive/2026-06-04-DssSpell/DssSpell.sol,https://etherscan.io/tx/0xe7f44210500645c9ba414177013cea83602c0f3f47e128377f4039c2eefda872,https://raw.githubusercontent.com/sky-ecosystem/executive-votes/2637e6d8d97be8318922e742945d01041ad42645/2026/executive-vote-2026-06-04-rwa001-a-offboarding-keeper-adjustments.md,UTC；运行结束指被替换或停止，不是投票结束
E2026-06-18,奖励调整,2026-06-18,,,2026-06-22T14:04:59.000000Z,2026-07-20,被下一奖励流提前替换,已执行,SKY质押奖励重设,"240,862,942 SKY／90天，并升级stUSDS的紧急控制模块。",https://github.com/sky-ecosystem/spells-mainnet/blob/0c57941f1164bff2eaacf7568226b14c43e230af/archive/2026-06-18-DssSpell/DssSpell.sol,https://etherscan.io/tx/0xa2bffc99b76e5a2e2733ac1f5c350c1d7590e5ae74862fad58b2816b7ab8fba6,https://raw.githubusercontent.com/sky-ecosystem/executive-votes/144cb5e786f0fb860c13f14d98fe19794e190011/2026/executive-vote-2026-06-18-onboard-allocator-grove-a-update-stusds-mom.md,UTC；运行结束指被替换或停止，不是投票结束
E2026-07-16,奖励调整,2026-07-16,,,2026-07-20T14:21:59.000000Z,2026-08-17,被下一奖励流提前替换,已执行,SKY质押奖励重设,"286,714,697 SKY／90天；增加stUSDS利率设置器紧急停止工具。",https://github.com/sky-ecosystem/spells-mainnet/blob/0c57941f1164bff2eaacf7568226b14c43e230af/archive/2026-07-16-DssSpell/DssSpell.sol,https://etherscan.io/tx/0x6edea9580f8cc7f74257ea1e5591137fb772258a1f3a2a569a9f4b51a42a3268,https://raw.githubusercontent.com/sky-ecosystem/executive-votes/179a8da3773012065b44a1660b773fbf78029466/2026/executive-vote-2026-07-16-june-msc-staking-rewards-normalization.md,UTC；运行结束指被替换或停止，不是投票结束
P2026-08-03,治理框架,2026-08-03,2026-08-06T16:00:00Z,,,,相应规则随后替换；政策投票不等于链上配置已生效,投票结束、Atlas已合入,授权SBE-BEAM多签,4/6多签可在治理边界内调整买币批量、间隔及分流，无需每次另走Executive投票。8月17日启用。,https://forum.skyeco.com/t/atlas-edit-weekly-cycle-proposal-week-of-2026-08-03/28131,,https://github.com/sky-ecosystem/next-gen-atlas/pull/286,投票为UTC；Atlas合入 2026-08-07T02:39:00Z
P2026-08-10,治理框架,2026-08-10,2026-08-13T16:00:00Z,,,,相应规则随后替换；政策投票不等于链上配置已生效,投票结束、Atlas已合入,治理边界与技术边界,进一步明确SBE-BEAM实际获准范围，技术上限不等于可任意调用额度。,https://forum.skyeco.com/t/atlas-edit-weekly-cycle-proposal-week-of-2026-08-10/28155,,https://github.com/sky-ecosystem/next-gen-atlas/pull/292,投票为UTC；Atlas合入 2026-08-13T16:01:41Z
E2026-08-13,回购与留存,2026-08-13,,,2026-08-17T14:02:23Z,,分配框架继续；当期速度和奖励流2026-09-13被替换,已执行,TMF分配落地,"安全维护及资本留存后，45%进USDS奖励、55%买SKY；买入再分奖励与销毁。间隔3,748秒；SKY奖励96,903,706枚／90天；启用SBE-BEAM。",https://github.com/sky-ecosystem/spells-mainnet/blob/0c57941f1164bff2eaacf7568226b14c43e230af/archive/2026-08-13-DssSpell/DssSpell.sol,https://forum.skyeco.com/t/treasury-management-function-tmf-configurations/28153,https://raw.githubusercontent.com/sky-ecosystem/executive-votes/c75f59295640fe8bd53ae87d4bbdd032e24f2c35/2026/executive-vote-2026-08-13-initialize-sbe-beam.md,UTC；运行结束指被替换或停止，不是投票结束
E2026-09-10,奖励调整,2026-09-10,,,2026-09-13T12:42:11.000000Z,,已执行；奖励流仍用此版本，10月新案尚待执行,已执行,首笔TMF经营性销毁,"销毁2,860,943.76 SKY；质押奖励143,208,393 SKY／90天；买币间隔2,504秒；MKR迁移扣减5%。",https://github.com/sky-ecosystem/spells-mainnet/blob/0c57941f1164bff2eaacf7568226b14c43e230af/archive/2026-09-10-DssSpell/DssSpell.sol,https://etherscan.io/tx/0xcd57535f7a9e60e61d34b31f793501fa6178b4ae37fe0b2900f76efd54e192c3,https://raw.githubusercontent.com/sky-ecosystem/executive-votes/2b4a918f5f5456df24ffa9f5162194f2c7f48a51/2026/executive-vote-2026-09-10-august-msc-lssky-staking-rewards-update-sky-burn.md,UTC；运行结束指被替换或停止，不是投票结束
P2026-09-14,治理框架,2026-09-14,2026-09-17T16:00:00Z,,,,相应规则随后替换；政策投票不等于链上配置已生效,投票结束、Atlas已合入,协调SKY与USDS奖励率,允许调整奖励分流与SKY流速，使两种奖励选择的利率接近；18%／18%不构成永久固定比例。,https://forum.skyeco.com/t/atlas-edit-weekly-cycle-proposal-week-of-2026-09-14/28234,,https://github.com/sky-ecosystem/next-gen-atlas/pull/331,投票为UTC；Atlas合入 2026-09-17T18:58:06Z
P2026-10-05,治理框架,2026-10-05,2026-10-08T16:00:00Z,,,,相应规则随后替换；政策投票不等于链上配置已生效,投票结束、Atlas已合入,资本基数与借款自动调息,调整流通USDS定义及资本目标基数；授权stUSDS Keeper，相关10月8日执行提案仍待执行。,https://forum.skyeco.com/t/atlas-edit-weekly-cycle-proposal-week-of-2026-10-05/28279,,https://github.com/sky-ecosystem/next-gen-atlas/pull/352,投票为UTC；Atlas合入 2026-10-08T16:01:59Z
E2026-10-08,奖励调整,2026-10-08,,2026-10-09T19:02:47.000000Z,,,10月9日19:02 UTC通过并排队；最早10月12日14:00 UTC执行,已通过、待执行,9月结算：销毁与奖励换期,"拟销毁7,372,288 SKY，换为99,525,882 SKY／90天，买币间隔2,693秒；启用stUSDS自动利率Keeper。",https://github.com/sky-ecosystem/spells-mainnet/blob/0c57941f1164bff2eaacf7568226b14c43e230af/archive/2026-10-08-DssSpell/DssSpell.sol,,https://raw.githubusercontent.com/sky-ecosystem/executive-votes/9dc4ca35727b6f5deaa9e5dbd1c84b6d5a112c04/2026/executive-vote-2026-10-08-stusds-keeper-launch.md,UTC；运行结束指被替换或停止，不是投票结束
