date_us,stock_close_usd,bnb_usdt_at_stock_close,aligned_utc,bnb_quantity,bnb_quantity_date,share_snapshot_date,ordinary_shares,unexercised_prefunded,unexercised_strategic,shares_including_near_zero,bnb_usd_per_stock_dollar,bnb_usd_per_stock_dollar_ordinary,quantity_source,price_source,quantity_basis,usdt_usd_assumption
2025-10-31,7.42,1090.0,2025-10-31T20:00:00+00:00,511932,2025-10-31,2025-10-31,45321002,7750510,3564362,56635874,1.3278324050770718,1.6593399410512149,S32,S35/S38,financial_snapshot,1
2025-11-03,6.74,986.18,2025-11-03T21:00:00+00:00,511932,2025-10-31,2025-10-31,45321002,7750510,3564362,56635874,1.322564814797687,1.6527572406213598,S32,S35/S38,snapshot_carried_forward,1
2025-11-04,5.72,920.92,2025-11-04T21:00:00+00:00,511932,2025-10-31,2025-10-31,45321002,7750510,3564362,56635874,1.4552799520671298,1.8186061287877089,S32,S35/S38,snapshot_carried_forward,1
2025-11-05,5.66,957.32,2025-11-05T21:00:00+00:00,511932,2025-10-31,2025-10-31,45321002,7750510,3564362,56635874,1.5288376574335587,1.910528300606906,S32,S35/S38,snapshot_carried_forward,1
2025-11-06,5.55,948.02,2025-11-06T21:00:00+00:00,511932,2025-10-31,2025-10-31,45321002,7750510,3564362,56635874,1.543992501996173,1.929466713908929,S32,S35/S38,snapshot_carried_forward,1
2025-11-07,6.0,987.87,2025-11-07T21:00:00+00:00,511932,2025-10-31,2025-10-31,45321002,7750510,3564362,56635874,1.488227128621693,1.8597789197158525,S32,S35/S38,snapshot_carried_forward,1
2025-11-10,6.21,989.28,2025-11-10T21:00:00+00:00,511932,2025-10-31,2025-10-31,45321002,7750510,3564362,56635874,1.4399529420399577,1.7994525670748485,S32,S35/S38,snapshot_carried_forward,1
2025-11-11,5.98,960.3,2025-11-11T21:00:00+00:00,511932,2025-10-31,2025-10-31,45321002,7750510,3564362,56635874,1.4515313342301093,1.8139216284871273,S32,S35/S38,snapshot_carried_forward,1
2025-11-12,5.64,953.39,2025-11-12T21:00:00+00:00,511932,2025-10-31,2025-10-31,45321002,7750510,3564362,56635874,1.5279606113180928,1.9094322905652985,S32,S35/S38,snapshot_carried_forward,1
2025-11-13,5.12,914.27,2025-11-13T21:00:00+00:00,511932,2025-10-31,2025-10-31,45321002,7750510,3564362,56635874,1.6140804563475528,2.0170528743288263,S32,S35/S38,snapshot_carried_forward,1
2025-11-14,5.01,919.51,2025-11-14T21:00:00+00:00,511932,2025-10-31,2025-10-31,45321002,7750510,3564362,56635874,1.6589733188594815,2.0731537192467067,S32,S35/S38,snapshot_carried_forward,1
2025-11-17,4.89,902.22,2025-11-17T21:00:00+00:00,511932,2025-10-31,2025-10-31,45321002,7750510,3564362,56635874,1.6677243180454546,2.084089498805836,S32,S35/S38,snapshot_carried_forward,1
2025-11-18,4.98,933.74,2025-11-18T21:00:00+00:00,511932,2025-10-31,2025-10-31,45321002,7750510,3564362,56635874,1.6947954581595472,2.117919238063103,S32,S35/S38,snapshot_carried_forward,1
2025-11-19,5.18,887.21,2025-11-19T21:00:00+00:00,511932,2025-10-31,2025-10-31,45321002,7750510,3564362,56635874,1.5481653352280371,1.934681339506635,S32,S35/S38,snapshot_carried_forward,1
2025-11-20,5.24,874.6,2025-11-20T21:00:00+00:00,511932,2025-10-31,2025-10-31,45321002,7750510,3564362,56635874,1.5086859870062013,1.885345550516488,S32,S35/S38,snapshot_carried_forward,1
2025-11-21,5.27,823.48,2025-11-21T21:00:00+00:00,511932,2025-10-31,2025-10-31,45321002,7750510,3564362,56635874,1.4124175691871725,1.7650426944194875,S32,S35/S38,snapshot_carried_forward,1
2025-11-24,5.39,873.36,2025-11-24T21:00:00+00:00,511932,2025-10-31,2025-10-31,45321002,7750510,3564362,56635874,1.464620817176216,1.830279040595113,S32,S35/S38,snapshot_carried_forward,1
2025-11-25,5.75,858.12,2025-11-25T21:00:00+00:00,511932,2025-10-31,2025-10-31,45321002,7750510,3564362,56635874,1.3489655225145507,1.6857491668758395,S32,S35/S38,snapshot_carried_forward,1
2025-11-26,5.97,892.21,2025-11-26T21:00:00+00:00,511932,2025-10-31,2025-10-31,45321002,7750510,3564362,56635874,1.3508695923029368,1.6881286080149003,S32,S35/S38,snapshot_carried_forward,1
2025-11-28,7.2,881.11,2025-11-28T18:00:00+00:00,511932,2025-10-31,2025-10-31,45321002,7750510,3564362,56635874,1.1061609028346002,1.3823257816909402,S32,S35/S38,snapshot_carried_forward,1
2025-12-01,6.47,817.31,2025-12-01T21:00:00+00:00,511932,2025-10-31,2025-10-31,45321002,7750510,3564362,56635874,1.141834609448276,1.4269058100161107,S32,S35/S38,snapshot_carried_forward,1
2025-12-02,7.06,875.8,2025-12-02T21:00:00+00:00,511932,2025-10-31,2025-10-31,45321002,7750510,3564362,56635874,1.121297645751933,1.4012415740786823,S32,S35/S38,snapshot_carried_forward,1
2025-12-03,7.52,908.0,2025-12-03T21:00:00+00:00,511932,2025-10-31,2025-10-31,45321002,7750510,3564362,56635874,1.0914118842316587,1.3638945131320532,S32,S35/S38,snapshot_carried_forward,1
2025-12-04,7.14,901.46,2025-12-04T21:00:00+00:00,511932,2025-10-31,2025-10-31,45321002,7750510,3564362,56635874,1.1412188054268966,1.4261362639464203,S32,S35/S38,snapshot_carried_forward,1
2025-12-05,6.78,880.41,2025-12-05T21:00:00+00:00,511932,2025-10-31,2025-10-31,45321002,7750510,3564362,56635874,1.1737509139040856,1.4667903606203727,S32,S35/S38,snapshot_carried_forward,1
2025-12-08,6.78,900.95,2025-12-08T21:00:00+00:00,511932,2025-10-31,2025-10-31,45321002,7750510,3564362,56635874,1.2011345689870467,1.5010106375449221,S32,S35/S38,snapshot_carried_forward,1
2025-12-09,7.5,908.5,2025-12-09T21:00:00+00:00,511932,2025-10-31,2025-10-31,45321002,7750510,3564362,56635874,1.0949249163171737,1.368284611183133,S32,S35/S38,snapshot_carried_forward,1
2025-12-10,7.52,898.88,2025-12-10T21:00:00+00:00,511932,2025-10-31,2025-10-31,45321002,7750510,3564362,56635874,1.0804496855706536,1.3501954845420046,S32,S35/S38,snapshot_carried_forward,1
2025-12-11,7.28,880.49,2025-12-11T21:00:00+00:00,511932,2025-10-31,2025-10-31,45321002,7750510,3564362,56635874,1.0932354830690627,1.3661733928881046,S32,S35/S38,snapshot_carried_forward,1
2025-12-12,6.93,877.1,2025-12-12T21:00:00+00:00,511932,2025-10-31,2025-10-31,45321002,7750510,3564362,56635874,1.144027718137972,1.4296464517039957,S32,S35/S38,snapshot_carried_forward,1
2025-12-15,6.45,846.24,2025-12-15T21:00:00+00:00,511932,2025-10-31,2025-10-31,45321002,7750510,3564362,56635874,1.1859175758460088,1.4819945596083688,S32,S35/S38,snapshot_carried_forward,1
2025-12-16,6.42,870.42,2025-12-16T21:00:00+00:00,511932,2025-10-31,2025-10-31,45321002,7750510,3564362,56635874,1.2255033531455188,1.5314633488316762,S32,S35/S38,snapshot_carried_forward,1
2025-12-17,6.43,842.33,2025-12-17T21:00:00+00:00,511932,2025-10-31,2025-10-31,45321002,7750510,3564362,56635874,1.184109774663317,1.4797354215601854,S32,S35/S38,snapshot_carried_forward,1
2025-12-18,6.16,820.73,2025-12-18T21:00:00+00:00,511932,2025-10-31,2025-10-31,45321002,7750510,3564362,56635874,1.2043154745705165,1.5049856901669114,S32,S35/S38,snapshot_carried_forward,1
2025-12-19,6.75,860.44,2025-12-19T21:00:00+00:00,511932,2025-10-31,2025-10-31,45321002,7750510,3564362,56635874,1.1522255182485772,1.4398909201325936,S32,S35/S38,snapshot_carried_forward,1
2025-12-22,6.52,855.63,2025-12-22T21:00:00+00:00,511932,2025-10-31,2025-10-31,45321002,7750510,3564362,56635874,1.186203164069655,1.4823514479810114,S32,S35/S38,snapshot_carried_forward,1
2025-12-23,6.17,843.4,2025-12-23T21:00:00+00:00,511932,2025-10-31,2025-10-31,45321002,7750510,3564362,56635874,1.2355749736487083,1.544049456918926,S32,S35/S38,snapshot_carried_forward,1
2025-12-24,6.68,844.8,2025-12-24T18:00:00+00:00,511932,2025-10-31,2025-10-31,45321002,7750510,3564362,56635874,1.1431365562412237,1.4285328017256074,S32,S35/S38,snapshot_carried_forward,1
2025-12-26,6.67,836.45,2025-12-26T21:00:00+00:00,511932,2025-10-31,2025-10-31,45321002,7750510,3564362,56635874,1.1335347070935502,1.4165337484280955,S32,S35/S38,snapshot_carried_forward,1
2025-12-29,6.52,852.73,2025-12-29T21:00:00+00:00,511932,2025-10-31,2025-10-31,45321002,7750510,3564362,56635874,1.1821827473290054,1.477327291278763,S32,S35/S38,snapshot_carried_forward,1
2025-12-30,6.5,858.7,2025-12-30T21:00:00+00:00,511932,2025-10-31,2025-10-31,45321002,7750510,3564362,56635874,1.1941222119828423,1.4922475707501248,S32,S35/S38,snapshot_carried_forward,1
2025-12-31,6.42,863.49,2025-12-31T21:00:00+00:00,511932,2025-10-31,2025-10-31,45321002,7750510,3564362,56635874,1.2157462953604283,1.5192703374033962,S32,S35/S38,snapshot_carried_forward,1
2026-01-02,6.43,879.32,2026-01-02T21:00:00+00:00,511932,2025-10-31,2025-10-31,45321002,7750510,3564362,56635874,1.236108659381653,1.5447163829927726,S32,S35/S38,snapshot_carried_forward,1
2026-01-05,6.41,912.23,2026-01-05T21:00:00+00:00,511932,2025-10-31,2025-10-31,45321002,7750510,3564362,56635874,1.286373223780969,1.6075300325229518,S32,S35/S38,snapshot_carried_forward,1
2026-01-06,6.51,905.58,2026-01-06T21:00:00+00:00,511932,2025-10-31,2025-10-31,45321002,7750510,3564362,56635874,1.2573798732890167,1.571298182545318,S32,S35/S38,snapshot_carried_forward,1
2026-01-07,5.505,896.01,2026-01-07T21:00:00+00:00,511932,2025-10-31,2025-10-31,45321002,7750510,3564362,56635874,1.4712152022742386,1.838519784335048,S32,S35/S38,snapshot_carried_forward,1
2026-01-08,5.65,890.71,2026-01-08T21:00:00+00:00,511932,2025-10-31,2025-10-31,45321002,7750510,3564362,56635874,1.4249792844563438,1.7807405760155004,S32,S35/S38,snapshot_carried_forward,1
2026-01-09,5.27,893.18,2026-01-09T21:00:00+00:00,511932,2025-10-31,2025-10-31,45321002,7750510,3564362,56635874,1.5319657119135845,1.9144373072832341,S32,S35/S38,snapshot_carried_forward,1
2026-01-12,5.52,905.21,2026-01-12T21:00:00+00:00,511932,2025-10-31,2025-10-31,45321002,7750510,3564362,56635874,1.4822823447325217,1.8523499570617539,S32,S35/S38,snapshot_carried_forward,1
2026-01-13,5.59,943.3,2026-01-13T21:00:00+00:00,511932,2025-10-31,2025-10-31,45321002,7750510,3564362,56635874,1.5253120354503087,1.906122469455711,S32,S35/S38,snapshot_carried_forward,1
2026-01-14,6.25,944.56,2026-01-14T21:00:00+00:00,511932,2025-10-31,2025-10-31,45321002,7750510,3564362,56635874,1.3660613480989099,1.707113147833757,S32,S35/S38,snapshot_carried_forward,1
2026-01-15,5.96,925.45,2026-01-15T21:00:00+00:00,511932,2025-10-31,2025-10-31,45321002,7750510,3564362,56635874,1.4035483259416037,1.7539591499089011,S32,S35/S38,snapshot_carried_forward,1
2026-01-16,6.36,934.45,2026-01-16T21:00:00+00:00,511932,2025-10-31,2025-10-31,45321002,7750510,3564362,56635874,1.3280658924265885,1.6596317210102682,S32,S35/S38,snapshot_carried_forward,1
2026-01-20,5.85,895.97,2026-01-20T21:00:00+00:00,511932,2025-10-31,2025-10-31,45321002,7750510,3564362,56635874,1.3843894236381447,1.7300170231033853,S32,S35/S38,snapshot_carried_forward,1
2026-01-21,5.86,888.47,2026-01-21T21:00:00+00:00,511932,2025-10-31,2025-10-31,45321002,7750510,3564362,56635874,1.3704582907734113,1.7126078341890651,S32,S35/S38,snapshot_carried_forward,1
2026-01-22,5.73,887.48,2026-01-22T21:00:00+00:00,511932,2025-10-31,2025-10-31,45321002,7750510,3564362,56635874,1.3999889996645487,1.7495111998271229,S32,S35/S38,snapshot_carried_forward,1
2026-01-23,5.52,890.86,2026-01-23T21:00:00+00:00,511932,2025-10-31,2025-10-31,45321002,7750510,3564362,56635874,1.4587842043596668,1.82298525507676,S32,S35/S38,snapshot_carried_forward,1
2026-01-26,5.2,872.78,2026-01-26T21:00:00+00:00,511932,2025-10-31,2025-10-31,45321002,7750510,3564362,56635874,1.5171276117596146,1.8958947170130627,S32,S35/S38,snapshot_carried_forward,1
2026-01-27,5.47,898.61,2026-01-27T21:00:00+00:00,511932,2025-10-31,2025-10-31,45321002,7750510,3564362,56635874,1.4849252475127386,1.8556526887368967,S32,S35/S38,snapshot_carried_forward,1
2026-01-28,5.31,902.75,2026-01-28T21:00:00+00:00,511932,2025-10-31,2025-10-31,45321002,7750510,3564362,56635874,1.5367161183383062,1.9203737033876127,S32,S35/S38,snapshot_carried_forward,1
2026-01-29,5.03,864.51,2026-01-29T21:00:00+00:00,511932,2025-10-31,2025-10-31,45321002,7750510,3564362,56635874,1.553540954720811,1.9413990397963299,S32,S35/S38,snapshot_carried_forward,1
2026-01-30,4.99,859.55,2026-01-30T21:00:00+00:00,511932,2025-10-31,2025-10-31,45321002,7750510,3564362,56635874,1.5570095256342515,1.945733576469056,S32,S35/S38,snapshot_carried_forward,1
2026-02-02,4.85,769.67,2026-02-02T21:00:00+00:00,515544,2026-01-31,2026-01-31,43673955,7750510,3564362,54988827,1.487832707482577,1.8732944006720031,S33,S35/S38,snapshot_carried_forward,1
2026-02-03,5.11,771.49,2026-02-03T21:00:00+00:00,515544,2026-01-31,2026-01-31,43673955,7750510,3564362,54988827,1.4154700425158209,1.7821843085103037,S33,S35/S38,snapshot_carried_forward,1
2026-02-04,5.05,712.72,2026-02-04T21:00:00+00:00,515544,2026-01-31,2026-01-31,43673955,7750510,3564362,54988827,1.3231797598979642,1.6659838319412725,S33,S35/S38,snapshot_carried_forward,1
2026-02-05,4.415,617.22,2026-02-05T21:00:00+00:00,515544,2026-01-31,2026-01-31,43673955,7750510,3564362,54988827,1.310691743124904,1.6502604701823727,S33,S35/S38,snapshot_carried_forward,1
2026-02-06,4.52,657.15,2026-02-06T21:00:00+00:00,515544,2026-01-31,2026-01-31,43673955,7750510,3564362,54988827,1.3630674866439572,1.7162055099518552,S33,S35/S38,snapshot_carried_forward,1
2026-02-09,4.73,640.92,2026-02-09T21:00:00+00:00,515544,2026-01-31,2026-01-31,43673955,7750510,3564362,54988827,1.2703809261564325,1.599506089441999,S33,S35/S38,snapshot_carried_forward,1
2026-02-10,4.71,617.93,2026-02-10T21:00:00+00:00,515544,2026-01-31,2026-01-31,43673955,7750510,3564362,54988827,1.2300128667747994,1.5486796361550836,S33,S35/S38,snapshot_carried_forward,1
2026-02-11,4.55,609.91,2026-02-11T21:00:00+00:00,515544,2026-01-31,2026-01-31,43673955,7750510,3564362,54988827,1.256740580017492,1.5823318574757321,S33,S35/S38,snapshot_carried_forward,1
2026-02-12,4.3,604.94,2026-02-12T21:00:00+00:00,515544,2026-01-31,2026-01-31,43673955,7750510,3564362,54988827,1.3189706378580475,1.6606842275506266,S33,S35/S38,snapshot_carried_forward,1
2026-02-13,4.3,618.33,2026-02-13T21:00:00+00:00,515544,2026-01-31,2026-01-31,43673955,7750510,3564362,54988827,1.3481652965695217,1.697442520615894,S33,S35/S38,snapshot_carried_forward,1
2026-02-17,4.2,618.62,2026-02-17T21:00:00+00:00,515544,2026-01-31,2026-01-31,43673955,7750510,3564362,54988827,1.3809118215440905,1.7386728831209095,S33,S35/S38,snapshot_carried_forward,1
2026-02-18,4.29,603.65,2026-02-18T21:00:00+00:00,515544,2026-01-31,2026-01-31,43673955,7750510,3564362,54988827,1.3192259756886422,1.661005717275867,S33,S35/S38,snapshot_carried_forward,1
2026-02-19,4.11,607.27,2026-02-19T21:00:00+00:00,515544,2026-01-31,2026-01-31,43673955,7750510,3564362,54988827,1.385259975425301,1.7441475391611803,S33,S35/S38,snapshot_carried_forward,1
2026-02-20,3.85,628.83,2026-02-20T21:00:00+00:00,515544,2026-01-31,2026-01-31,43673955,7750510,3564362,54988827,1.5313124180946514,1.9280386592319942,S33,S35/S38,snapshot_carried_forward,1
2026-02-23,3.59,595.3,2026-02-23T21:00:00+00:00,515544,2026-01-31,2026-01-31,43673955,7750510,3564362,54988827,1.5546503007700163,1.957422826362769,S33,S35/S38,snapshot_carried_forward,1
2026-02-24,3.71,588.48,2026-02-24T21:00:00+00:00,515544,2026-01-31,2026-01-31,43673955,7750510,3564362,54988827,1.4871304944888282,1.8724102611698579,S33,S35/S38,snapshot_carried_forward,1
2026-02-25,3.77,631.7,2026-02-25T21:00:00+00:00,515544,2026-01-31,2026-01-31,43673955,7750510,3564362,54988827,1.5709443764114854,1.9779383053610342,S33,S35/S38,snapshot_carried_forward,1
2026-02-26,3.77,621.99,2026-02-26T21:00:00+00:00,515544,2026-01-31,2026-01-31,43673955,7750510,3564362,54988827,1.546797043983188,1.9475349795021524,S33,S35/S38,snapshot_carried_forward,1
2026-02-27,3.42,611.09,2026-02-27T21:00:00+00:00,515544,2026-01-31,2026-01-31,43673955,7750510,3564362,54988827,1.67521422475483,2.109221965196018,S33,S35/S38,snapshot_carried_forward,1
2026-03-02,3.67,634.72,2026-03-02T21:00:00+00:00,515544,2026-01-31,2026-01-31,43673955,7750510,3564362,54988827,1.6214643333121412,2.0415467688046953,S33,S35/S38,snapshot_carried_forward,1
2026-03-03,3.56,631.66,2026-03-03T21:00:00+00:00,515544,2026-01-31,2026-01-31,43673955,7750510,3564362,54988827,1.663507101628465,2.0944818078582323,S33,S35/S38,snapshot_carried_forward,1
2026-03-04,3.69,660.61,2026-03-04T21:00:00+00:00,515544,2026-01-31,2026-01-31,43673955,7750510,3564362,54988827,1.678456377731313,2.1133040820808153,S33,S35/S38,snapshot_carried_forward,1
2026-03-05,3.64,650.8,2026-03-05T21:00:00+00:00,515544,2026-01-31,2026-01-31,43673955,7750510,3564362,54988827,1.6762447932387234,2.110519529203502,S33,S35/S38,snapshot_carried_forward,1
2026-03-06,3.48,629.19,2026-03-06T21:00:00+00:00,515544,2026-01-31,2026-01-31,43673955,7750510,3564362,54988827,1.6950942428534714,2.134252418150944,S33,S35/S38,snapshot_carried_forward,1
2026-03-09,3.98,638.19,2026-03-09T20:00:00+00:00,515544,2026-01-31,2026-01-31,43673955,7750510,3564362,54988827,1.503343430093444,1.8928235786979901,S33,S35/S38,snapshot_carried_forward,1
2026-03-10,3.79,641.78,2026-03-10T20:00:00+00:00,515544,2026-01-31,2026-01-31,43673955,7750510,3564362,54988827,1.5875896179710147,1.9988959289261579,S33,S35/S38,snapshot_carried_forward,1
2026-03-11,3.76,653.14,2026-03-11T20:00:00+00:00,515544,2026-01-31,2026-01-31,43673955,7750510,3564362,54988827,1.6285823292329331,2.0505088663815036,S33,S35/S38,snapshot_carried_forward,1
2026-03-12,3.28,651.03,2026-03-12T20:00:00+00:00,515544,2026-01-31,2026-01-31,43673955,7750510,3564362,54988827,1.8608803038762944,2.342989662776384,S33,S35/S38,snapshot_carried_forward,1
2026-03-13,3.26,657.25,2026-03-13T20:00:00+00:00,515544,2026-01-31,2026-01-31,43673955,7750510,3564362,54988827,1.8901848413544775,2.3798863015557856,S33,S35/S38,snapshot_carried_forward,1
2026-03-16,3.29,678.55,2026-03-16T20:00:00+00:00,515544,2026-01-31,2026-01-31,43673955,7750510,3564362,54988827,1.933647197933511,2.4346087100698943,S33,S35/S38,snapshot_carried_forward,1
2026-03-17,3.26,672.03,2026-03-17T20:00:00+00:00,515544,2026-01-31,2026-01-31,43673955,7750510,3564362,54988827,1.9326906336028142,2.4334043229129474,S33,S35/S38,snapshot_carried_forward,1
2026-03-18,3.12,648.09,2026-03-18T20:00:00+00:00,515544,2026-01-31,2026-01-31,43673955,7750510,3564362,54988827,1.947475521499332,2.4520196198961495,S33,S35/S38,snapshot_carried_forward,1
2026-03-19,3.19,640.04,2026-03-19T20:00:00+00:00,515544,2026-01-31,2026-01-31,43673955,7750510,3564362,54988827,1.881081943790823,2.3684250620292415,S33,S35/S38,snapshot_carried_forward,1
2026-03-20,3.1,640.26,2026-03-20T20:00:00+00:00,515544,2026-01-31,2026-01-31,43673955,7750510,3564362,54988827,1.93635935345146,2.4380235198935885,S33,S35/S38,snapshot_carried_forward,1
2026-03-23,3.18,637.62,2026-03-23T20:00:00+00:00,515544,2026-01-31,2026-01-31,43673955,7750510,3564362,54988827,1.8798625332131838,2.3668897314805015,S33,S35/S38,snapshot_carried_forward,1
2026-03-24,3.21,630.29,2026-03-24T20:00:00+00:00,515544,2026-01-31,2026-01-31,43673955,7750510,3564362,54988827,1.8408850280884985,2.31781409163536,S33,S35/S38,snapshot_carried_forward,1
2026-03-25,3.15,646.03,2026-03-25T20:00:00+00:00,515544,2026-01-31,2026-01-31,43673955,7750510,3564362,54988827,1.9227969007837418,2.4209473617247017,S33,S35/S38,snapshot_carried_forward,1
2026-03-26,3.04,625.67,2026-03-26T20:00:00+00:00,515544,2026-01-31,2026-01-31,43673955,7750510,3564362,54988827,1.929581067441209,2.4294891428999272,S33,S35/S38,snapshot_carried_forward,1
2026-03-27,2.84,610.16,2026-03-27T20:00:00+00:00,515544,2026-01-31,2026-01-31,43673955,7750510,3564362,54988827,2.0142653158598107,2.5361130446261506,S33,S35/S38,snapshot_carried_forward,1
2026-03-30,2.86,610.61,2026-03-30T20:00:00+00:00,515544,2026-01-31,2026-01-31,43673955,7750510,3564362,54988827,2.001654699781103,2.5202353210282884,S33,S35/S38,snapshot_carried_forward,1
2026-03-31,2.92,615.76,2026-03-31T20:00:00+00:00,515544,2026-01-31,2026-01-31,43673955,7750510,3564362,54988827,1.9770602449988963,2.489269034160564,S33,S35/S38,snapshot_carried_forward,1
2026-04-01,2.78,613.76,2026-04-01T20:00:00+00:00,515544,2026-01-31,2026-01-31,43673955,7750510,3564362,54988827,2.069879514999494,2.6061355460285447,S33,S35/S38,snapshot_carried_forward,1
2026-04-02,2.69,583.5,2026-04-02T20:00:00+00:00,515544,2026-01-31,2026-01-31,43673955,7750510,3564362,54988827,2.0336670944033735,2.5605413576521703,S33,S35/S38,snapshot_carried_forward,1
2026-04-06,2.75,606.68,2026-04-06T20:00:00+00:00,515544,2026-01-31,2026-01-31,43673955,7750510,3564362,54988827,2.068322543348008,2.6041752004452907,S33,S35/S38,snapshot_carried_forward,1
2026-04-07,2.57,608.41,2026-04-07T20:00:00+00:00,515544,2026-01-31,2026-01-31,43673955,7750510,3564362,54988827,2.2194966892241057,2.7945149339192454,S33,S35/S38,snapshot_carried_forward,1
2026-04-08,2.63,604.28,2026-04-08T20:00:00+00:00,515544,2026-01-31,2026-01-31,43673955,7750510,3564362,54988827,2.1541391474407616,2.7122248239837115,S33,S35/S38,snapshot_carried_forward,1
2026-04-09,2.59,608.76,2026-04-09T20:00:00+00:00,515544,2026-01-31,2026-01-31,43673955,7750510,3564362,54988827,2.203624668900824,2.774530854627654,S33,S35/S38,snapshot_carried_forward,1
2026-04-10,2.62,609.61,2026-04-10T20:00:00+00:00,515544,2026-01-31,2026-01-31,43673955,7750510,3564362,54988827,2.1814339731010923,2.746591082918381,S33,S35/S38,snapshot_carried_forward,1
2026-04-13,2.75,608.59,2026-04-13T20:00:00+00:00,515544,2026-01-31,2026-01-31,43673955,7750510,3564362,54988827,2.074834206923196,2.612373879539461,S33,S35/S38,snapshot_carried_forward,1
2026-04-14,2.85,613.95,2026-04-14T20:00:00+00:00,515544,2026-01-31,2026-01-31,43673955,7750510,3564362,54988827,2.01966539780699,2.5429121580103002,S33,S35/S38,snapshot_carried_forward,1
2026-04-15,2.8,625.38,2026-04-15T20:00:00+00:00,515544,2026-01-31,2026-01-31,43673955,7750510,3564362,54988827,2.0940027034946573,2.6365084728415367,S33,S35/S38,snapshot_carried_forward,1
2026-04-16,2.63,636.55,2026-04-16T20:00:00+00:00,515544,2026-01-31,2026-01-31,43673955,7750510,3564362,54988827,2.26917533974882,2.85706412872647,S33,S35/S38,snapshot_carried_forward,1
2026-04-17,2.74,641.36,2026-04-17T20:00:00+00:00,515544,2026-01-31,2026-01-31,43673955,7750510,3564362,54988827,2.19453539077866,2.763086763012535,S33,S35/S38,snapshot_carried_forward,1
2026-04-20,3.0,630.57,2026-04-20T20:00:00+00:00,515544,2026-01-31,2026-01-31,43673955,7750510,3564362,54988827,1.970622020360609,2.4811628202666784,S33,S35/S38,snapshot_carried_forward,1
2026-04-21,2.88,626.59,2026-04-21T20:00:00+00:00,515544,2026-01-31,2026-01-31,43673955,7750510,3564362,54988827,2.0397749452508482,2.5682316058468566,S33,S35/S38,snapshot_carried_forward,1
2026-04-22,3.04,644.1,2026-04-22T20:00:00+00:00,515544,2026-01-31,2026-01-31,43673955,7750510,3564362,54988827,1.986419623026329,2.501053202074326,S33,S35/S38,snapshot_carried_forward,1
2026-04-23,2.87,635.9,2026-04-23T20:00:00+00:00,515544,2026-01-31,2026-01-31,43673955,7750510,3564362,54988827,2.077295161267416,2.6154724080031464,S33,S35/S38,snapshot_carried_forward,1
2026-04-24,3.14,638.24,2026-04-24T20:00:00+00:00,515544,2026-01-31,2026-01-31,43673955,7750510,3564362,54988827,1.9056610265491594,2.39937199435119,S33,S35/S38,snapshot_carried_forward,1
2026-04-27,3.08,623.53,2026-04-27T20:00:00+00:00,515544,2026-01-31,2026-01-31,43673955,7750510,3564362,54988827,1.898007474306565,2.3897355906821502,S33,S35/S38,snapshot_carried_forward,1
2026-04-28,3.01,624.17,2026-04-28T20:00:00+00:00,515544,2026-01-31,2026-01-31,43673955,7750510,3564362,54988827,1.94414063031483,2.447820738562678,S33,S35/S38,snapshot_carried_forward,1
2026-04-29,2.78,613.32,2026-04-29T20:00:00+00:00,515544,2026-01-31,2026-01-31,43673955,7750510,3564362,54988827,2.0683956336996383,2.6042672267502396,S33,S35/S38,snapshot_carried_forward,1
2026-04-30,3.11,618.44,2026-04-30T20:00:00+00:00,515544,2026-04-30,2026-04-30,42607962,7750510,3564362,53922834,1.901210526162,2.406091603284996,S03,S35/S38,financial_snapshot,1
2026-05-01,3.16,619.24,2026-05-01T20:00:00+00:00,515544,2026-04-30,2026-04-30,42607962,7750510,3564362,53922834,1.8735485301040897,2.3710837514299987,S03,S35/S38,snapshot_carried_forward,1
2026-05-04,3.09,624.93,2026-05-04T20:00:00+00:00,515544,2026-04-30,2026-04-30,42607962,7750510,3564362,53922834,1.9335968142704618,2.44707831927833,S03,S35/S38,snapshot_carried_forward,1
2026-05-05,3.22,631.73,2026-05-05T20:00:00+00:00,515544,2026-04-30,2026-04-30,42607962,7750510,3564362,53922834,1.8757227998755008,2.3738354152611634,S03,S35/S38,snapshot_carried_forward,1
2026-05-06,3.21,650.44,2026-05-06T20:00:00+00:00,515544,2026-04-30,2026-04-30,42607962,7750510,3564362,53922834,1.9372926750679091,2.451755644334803,S03,S35/S38,snapshot_carried_forward,1
2026-05-07,3.15,643.71,2026-05-07T20:00:00+00:00,515544,2026-04-30,2026-04-30,42607962,7750510,3564362,53922834,1.9537668195576348,2.472604624593739,S03,S35/S38,snapshot_carried_forward,1
2026-05-08,3.22,648.1,2026-05-08T20:00:00+00:00,515544,2026-04-30,2026-04-30,42607962,7750510,3564362,53922834,1.924328346919273,2.435348539139759,S03,S35/S38,snapshot_carried_forward,1
2026-05-11,3.19,663.31,2026-05-11T20:00:00+00:00,515544,2026-04-30,2026-04-30,42607962,7750510,3564362,53922834,1.9880114863171168,2.515943225981359,S03,S35/S38,snapshot_carried_forward,1
2026-05-12,3.1,663.07,2026-05-12T20:00:00+00:00,515544,2026-04-30,2026-04-30,42607962,7750510,3564362,53922834,2.044987759910346,2.5880499872225156,S03,S35/S38,snapshot_carried_forward,1
2026-05-13,3.06,671.33,2026-05-13T20:00:00+00:00,515544,2026-04-30,2026-04-30,42607962,7750510,3564362,53922834,2.0975274655136515,2.6545420157231026,S03,S35/S38,snapshot_carried_forward,1
2026-05-14,3.09,680.21,2026-05-14T20:00:00+00:00,515544,2026-04-30,2026-04-30,42607962,7750510,3564362,53922834,2.104638741994961,2.663541746365694,S03,S35/S38,snapshot_carried_forward,1
2026-05-15,2.73,674.04,2026-05-15T20:00:00+00:00,515544,2026-04-30,2026-04-30,42607962,7750510,3564362,53922834,2.3605654727247485,2.987431788731602,S03,S35/S38,snapshot_carried_forward,1
2026-05-18,2.67,644.79,2026-05-18T20:00:00+00:00,515544,2026-04-30,2026-04-30,42607962,7750510,3564362,53922834,2.308873077505408,2.922012080403969,S03,S35/S38,snapshot_carried_forward,1
2026-05-19,2.72,639.98,2026-05-19T20:00:00+00:00,515544,2026-04-30,2026-04-30,42607962,7750510,3564362,53922834,2.249523454637592,2.8469017087353157,S03,S35/S38,snapshot_carried_forward,1
2026-05-20,2.71,650.56,2026-05-20T20:00:00+00:00,515544,2026-04-30,2026-04-30,42607962,7750510,3564362,53922834,2.2951501032408688,2.9046448647823198,S03,S35/S38,snapshot_carried_forward,1
2026-05-21,2.62,657.88,2026-05-21T20:00:00+00:00,515544,2026-04-30,2026-04-30,42607962,7750510,3564362,53922834,2.4007029165967393,3.0382280395143475,S03,S35/S38,snapshot_carried_forward,1
2026-05-22,2.63,652.48,2026-05-22T20:00:00+00:00,515544,2026-04-30,2026-04-30,42607962,7750510,3564362,53922834,2.3719442832011426,3.0018323298425815,S03,S35/S38,snapshot_carried_forward,1
2026-05-26,2.69,657.21,2026-05-26T20:00:00+00:00,515544,2026-04-30,2026-04-30,42607962,7750510,3564362,53922834,2.335849785601369,2.9561526608082835,S03,S35/S38,snapshot_carried_forward,1
2026-05-27,2.47,653.4,2026-05-27T20:00:00+00:00,515544,2026-04-30,2026-04-30,42607962,7750510,3564362,53922834,2.529153593683754,3.2007897817950672,S03,S35/S38,snapshot_carried_forward,1
2026-05-28,2.56,639.72,2026-05-28T20:00:00+00:00,515544,2026-04-30,2026-04-30,42607962,7750510,3564362,53922834,2.3891476544982777,3.023604188696,S03,S35/S38,snapshot_carried_forward,1
2026-05-29,2.92,641.46,2026-05-29T20:00:00+00:00,515544,2026-04-30,2026-04-30,42607962,7750510,3564362,53922834,2.1002923771677033,2.6580411709313734,S03,S35/S38,snapshot_carried_forward,1
2026-06-01,3.27,696.14,2026-06-01T20:00:00+00:00,515544,2026-04-30,2026-04-30,42607962,7750510,3564362,53922834,2.0353629461543017,2.575869230150678,S03,S35/S38,snapshot_carried_forward,1
2026-06-02,2.75,660.31,2026-06-02T20:00:00+00:00,515544,2026-04-30,2026-04-30,42607962,7750510,3564362,53922834,2.2956633894481677,2.905294458089568,S03,S35/S38,snapshot_carried_forward,1
2026-06-03,2.57,622.77,2026-06-03T20:00:00+00:00,515544,2026-04-30,2026-04-30,42607962,7750510,3564362,53922834,2.3167948970544536,2.9320376000596884,S03,S35/S38,snapshot_carried_forward,1
2026-06-04,2.5,606.35,2026-06-04T20:00:00+00:00,515544,2026-04-30,2026-04-30,42607962,7750510,3564362,53922834,2.318869994110473,2.934663755098167,S03,S35/S38,snapshot_carried_forward,1
2026-06-05,2.16,567.28,2026-06-05T20:00:00+00:00,515544,2026-04-30,2026-04-30,42607962,7750510,3564362,53922834,2.5109423918219465,3.1777424552194673,S03,S35/S38,snapshot_carried_forward,1
2026-06-08,2.19,607.67,2026-06-08T20:00:00+00:00,515544,2026-04-30,2026-04-30,42607962,7750510,3564362,53922834,2.6528745233966227,3.357365755910719,S03,S35/S38,snapshot_carried_forward,1
2026-06-09,2.17,596.76,2026-06-09T20:00:00+00:00,515544,2026-04-30,2026-04-30,42607962,7750510,3564362,53922834,2.629256759368431,3.3274761130044626,S03,S35/S38,snapshot_carried_forward,1
2026-06-10,1.99,588.05,2026-06-10T20:00:00+00:00,515544,2026-04-30,2026-04-30,42607962,7750510,3564362,53922834,2.8252325784042327,3.5754948180033446,S03,S35/S38,snapshot_carried_forward,1
2026-06-11,2.13,604.44,2026-06-11T20:00:00+00:00,515544,2026-04-30,2026-04-30,42607962,7750510,3564362,53922834,2.7131051211147867,3.4335910520766646,S03,S35/S38,snapshot_carried_forward,1
2026-06-12,2.05,603.46,2026-06-12T20:00:00+00:00,515544,2026-04-30,2026-04-30,42607962,7750510,3564362,53922834,2.814411878042558,3.561800597440382,S03,S35/S38,snapshot_carried_forward,1
2026-06-15,2.22,620.91,2026-06-15T20:00:00+00:00,515544,2026-04-30,2026-04-30,42607962,7750510,3564362,53922834,2.6740449760365212,3.384158185067648,S03,S35/S38,snapshot_carried_forward,1
2026-06-16,2.48,607.06,2026-06-16T20:00:00+00:00,515544,2026-04-30,2026-04-30,42607962,7750510,3564362,53922834,2.340307715496053,2.9617944282717135,S03,S35/S38,snapshot_carried_forward,1
2026-06-17,2.18,598.6,2026-06-17T20:00:00+00:00,515544,2026-04-30,2026-04-30,42607962,7750510,3564362,53922834,2.625265592196897,3.3224250606951102,S03,S35/S38,snapshot_carried_forward,1
2026-06-18,2.25,578.88,2026-06-18T20:00:00+00:00,515544,2026-04-30,2026-04-30,42607962,7750510,3564362,53922834,2.4597957948575178,3.1130134860709835,S03,S35/S38,snapshot_carried_forward,1
2026-06-22,2.095,592.29,2026-06-22T20:00:00+00:00,515544,2026-04-30,2026-04-30,42607962,7750510,3564362,53922834,2.702983537221706,3.420781603737322,S03,S35/S38,snapshot_carried_forward,1
2026-06-23,2.27,576.2,2026-06-23T20:00:00+00:00,515544,2026-04-30,2026-04-30,42607962,7750510,3564362,53922834,2.426835976020404,3.0713009338530726,S03,S35/S38,snapshot_carried_forward,1
2026-06-24,2.69,555.57,2026-06-24T20:00:00+00:00,515544,2026-04-30,2026-04-30,42607962,7750510,3564362,53922834,1.974601824966986,2.498972525928178,S03,S35/S38,snapshot_carried_forward,1
2026-06-25,3.05,554.28,2026-06-25T20:00:00+00:00,515544,2026-04-30,2026-04-30,42607962,7750510,3564362,53922834,1.7374903316073642,2.198894251921011,S03,S35/S38,snapshot_carried_forward,1
2026-06-26,3.04,565.85,2026-06-26T20:00:00+00:00,515544,2026-04-30,2026-04-30,42607962,7750510,3564362,53922834,1.7795933093068361,2.252177999155725,S03,S35/S38,snapshot_carried_forward,1
2026-06-29,2.96,561.78,2026-06-29T20:00:00+00:00,515544,2026-04-30,2026-04-30,42607962,7750510,3564362,53922834,1.8145443622720652,2.29641057303873,S03,S35/S38,snapshot_carried_forward,1
2026-06-30,2.72,547.38,2026-06-30T20:00:00+00:00,515544,2026-04-30,2026-04-30,42607962,7750510,3564362,53922834,1.9240353582917045,2.4349777451288115,S03,S35/S38,snapshot_carried_forward,1
2026-07-01,2.78,551.26,2026-07-01T20:00:00+00:00,515544,2026-04-30,2026-04-30,42607962,7750510,3564362,53922834,1.8958532286202132,2.399311634178884,S03,S35/S38,snapshot_carried_forward,1
2026-07-02,2.7,558.14,2026-07-02T20:00:00+00:00,515544,2026-04-30,2026-04-30,42607962,7750510,3564362,53922834,1.9763889247941064,2.501234203858685,S03,S35/S38,snapshot_carried_forward,1
2026-07-06,2.76,585.15,2026-07-06T20:00:00+00:00,515544,2026-04-30,2026-04-30,42607962,7750510,3564362,53922834,2.0269878942032316,2.5652701187428404,S03,S35/S38,snapshot_carried_forward,1
2026-07-07,2.71,583.29,2026-07-07T20:00:00+00:00,515544,2026-04-30,2026-04-30,42607962,7750510,3564362,53922834,2.057824187960167,2.6042952274638456,S03,S35/S38,snapshot_carried_forward,1
2026-07-08,2.64,566.95,2026-07-08T20:00:00+00:00,515544,2026-04-30,2026-04-30,42607962,7750510,3564362,53922834,2.053212314808636,2.5984586359277597,S03,S35/S38,snapshot_carried_forward,1
2026-07-09,2.77,570.26,2026-07-09T20:00:00+00:00,515544,2026-04-30,2026-04-30,42607962,7750510,3564362,53922834,1.9682767766192841,2.4909678123468275,S03,S35/S38,snapshot_carried_forward,1
2026-07-10,2.91,575.99,2026-07-10T20:00:00+00:00,515544,2026-04-30,2026-04-30,42607962,7750510,3564362,53922834,1.892408901422844,2.394952639404494,S03,S35/S38,snapshot_carried_forward,1
2026-07-13,2.81,566.29,2026-07-13T20:00:00+00:00,515544,2026-04-30,2026-04-30,42607962,7750510,3564362,53922834,1.9267510322468284,2.438414587188525,S03,S35/S38,snapshot_carried_forward,1
2026-07-14,2.89,580.65,2026-07-14T20:00:00+00:00,515544,2026-04-30,2026-04-30,42607962,7750510,3564362,53922834,1.920921490466162,2.431036965753946,S03,S35/S38,snapshot_carried_forward,1
2026-07-15,2.96,579.5,2026-07-15T20:00:00+00:00,515544,2026-04-30,2026-04-30,42607962,7750510,3564362,53922834,1.8717798033690445,2.3688453257074724,S03,S35/S38,snapshot_carried_forward,1
2026-07-16,2.95,575.81,2026-07-16T20:00:00+00:00,515544,2026-04-30,2026-04-30,42607962,7750510,3564362,53922834,1.866165750480789,2.361740417897974,S03,S35/S38,snapshot_carried_forward,1
2026-07-17,2.93,568.05,2026-07-17T20:00:00+00:00,515544,2026-04-30,2026-04-30,42607962,7750510,3564362,53922834,1.8535827173709272,2.345815863571729,S03,S35/S38,snapshot_carried_forward,1
2026-07-20,2.93,571.3,2026-07-20T20:00:00+00:00,515544,2026-04-30,2026-04-30,42607962,7750510,3564362,53922834,1.864187670863499,2.3592370440252246,S03,S35/S38,snapshot_carried_forward,1
2026-07-21,3.02,572.74,2026-07-21T20:00:00+00:00,515544,2026-04-30,2026-04-30,42607962,7750510,3564362,53922834,1.813191188545444,2.294698053621966,S03,S35/S38,snapshot_carried_forward,1
2026-07-22,2.95,570.16,2026-07-22T20:00:00+00:00,515544,2026-04-30,2026-04-30,42607962,7750510,3564362,53922834,1.8478544386067044,2.338566396326408,S03,S35/S38,snapshot_carried_forward,1
2026-07-23,2.86,566.64,2026-07-23T20:00:00+00:00,515544,2026-04-30,2026-04-30,42607962,7750510,3564362,53922834,1.8942365983647975,2.3972656953259026,S03,S35/S38,snapshot_carried_forward,1
2026-07-24,2.79,565.17,2026-07-24T20:00:00+00:00,515544,2026-04-30,2026-04-30,42607962,7750510,3564362,53922834,1.936724851018796,2.451037030242406,S03,S35/S38,snapshot_carried_forward,1
2026-07-27,2.85,575.63,2026-07-27T20:00:00+00:00,515544,2026-04-30,2026-04-30,42607962,7750510,3564362,53922834,1.931041412174098,2.4438443105020946,S03,S35/S38,snapshot_carried_forward,1
2026-07-28,2.77,570.93,2026-07-28T20:00:00+00:00,515544,2026-04-30,2026-04-30,42607962,7750510,3564362,53922834,1.9705893102711882,2.4938944570953145,S03,S35/S38,snapshot_carried_forward,1
2026-07-29,2.5,568.55,2026-07-29T20:00:00+00:00,515544,2026-04-30,2026-04-30,42607962,7750510,3564362,53922834,2.174311099450003,2.751716134181682,S03,S35/S38,snapshot_carried_forward,1
2026-07-30,2.67,594.62,2026-07-30T20:00:00+00:00,515544,2026-04-30,2026-04-30,42607962,7750510,3564362,53922834,2.129223637690203,2.694655350191238,S03,S35/S38,snapshot_carried_forward,1
2026-07-31,2.66,588.17,2026-07-31T20:00:00+00:00,515544,2026-07-31,2026-07-31,41173850,7750510,3564362,52488722,2.1718057108627775,2.768633639931381,S04,S35/S38,financial_snapshot,1
2026-08-03,2.52,591.45,2026-08-03T20:00:00+00:00,515544,2026-07-31,2026-07-31,41173850,7750510,3564362,52488722,2.305245768523651,2.938743991288507,S04,S35/S38,snapshot_carried_forward,1
2026-08-04,2.49,593.77,2026-08-04T20:00:00+00:00,515544,2026-07-31,2026-07-31,41173850,7750510,3564362,52488722,2.3421712315762306,2.985816838857731,S04,S35/S38,snapshot_carried_forward,1
2026-08-05,2.51,599.73,2026-08-05T20:00:00+00:00,515544,2026-07-31,2026-07-31,41173850,7750510,3564362,52488722,2.34683086087427,2.9917569680136835,S04,S35/S38,snapshot_carried_forward,1
2026-08-06,2.3,590.6,2026-08-06T20:00:00+00:00,515544,2026-07-31,2026-07-31,41173850,7750510,3564362,52488722,2.5221176697232472,3.2152138606759224,S04,S35/S38,snapshot_carried_forward,1
2026-08-07,2.35,593.38,2026-08-07T20:00:00+00:00,515544,2026-07-31,2026-07-31,41173850,7750510,3564362,52488722,2.4800748035383227,3.1616173105533645,S04,S35/S38,snapshot_carried_forward,1
2026-08-10,2.41,600.68,2026-08-10T20:00:00+00:00,515544,2026-07-31,2026-07-31,41173850,7750510,3564362,52488722,2.4480814757996487,3.120831984781542,S04,S35/S38,snapshot_carried_forward,1
2026-08-11,2.43,611.71,2026-08-11T20:00:00+00:00,515544,2026-07-31,2026-07-31,41173850,7750510,3564362,52488722,2.472515625050856,3.1519808151035336,S04,S35/S38,snapshot_carried_forward,1
2026-08-12,2.52,609.78,2026-08-12T20:00:00+00:00,515544,2026-07-31,2026-07-31,41173850,7750510,3564362,52488722,2.3766890941421117,3.0298204599000855,S04,S35/S38,snapshot_carried_forward,1
2026-08-13,2.54,609.79,2026-08-13T20:00:00+00:00,515544,2026-07-31,2026-07-31,41173850,7750510,3564362,52488722,2.358013676060938,3.0060129017558626,S04,S35/S38,snapshot_carried_forward,1
2026-08-14,2.62,606.42,2026-08-14T20:00:00+00:00,515544,2026-07-31,2026-07-31,41173850,7750510,3564362,52488722,2.2733796228245136,2.89812079810124,S04,S35/S38,snapshot_carried_forward,1
2026-08-17,2.54,605.25,2026-08-17T20:00:00+00:00,515544,2026-07-31,2026-07-31,41173850,7750510,3564362,52488722,2.3404578255397475,2.9836325764406366,S04,S35/S38,snapshot_carried_forward,1
2026-08-18,2.52,603.0,2026-08-18T20:00:00+00:00,515544,2026-07-31,2026-07-31,41173850,7750510,3564362,52488722,2.3502632486596697,2.996132600806441,S04,S35/S38,snapshot_carried_forward,1
2026-08-19,2.65,616.59,2026-08-19T20:00:00+00:00,515544,2026-07-31,2026-07-31,41173850,7750510,3564362,52488722,2.2853374746127764,2.913364754112916,S04,S35/S38,snapshot_carried_forward,1
2026-08-20,2.7,650.48,2026-08-20T20:00:00+00:00,515544,2026-07-31,2026-07-31,41173850,7750510,3564362,52488722,2.3663006447577652,3.016577189432397,S04,S35/S38,snapshot_carried_forward,1
2026-08-21,3.15,672.96,2026-08-21T20:00:00+00:00,515544,2026-07-31,2026-07-31,41173850,7750510,3564362,52488722,2.0983524455297,2.674994885623486,S04,S35/S38,snapshot_carried_forward,1
2026-08-24,3.11,702.1,2026-08-24T20:00:00+00:00,515544,2026-07-31,2026-07-31,41173850,7750510,3564362,52488722,2.217370790072982,2.826720332712659,S04,S35/S38,snapshot_carried_forward,1
2026-08-25,3.12,698.11,2026-08-25T20:00:00+00:00,515544,2026-07-31,2026-07-31,41173850,7750510,3564362,52488722,2.197703011031882,2.801647705633925,S04,S35/S38,snapshot_carried_forward,1
2026-08-26,2.92,699.54,2026-08-26T20:00:00+00:00,515544,2026-07-31,2026-07-31,41173850,7750510,3564362,52488722,2.353040701445859,2.9996733177217263,S04,S35/S38,snapshot_carried_forward,1
2026-08-27,3.01,709.92,2026-08-27T20:00:00+00:00,515544,2026-07-31,2026-07-31,41173850,7750510,3564362,52488722,2.316555203732694,2.9531613411516955,S04,S35/S38,snapshot_carried_forward,1
2026-08-28,3.01,688.83,2026-08-28T20:00:00+00:00,515544,2026-07-31,2026-07-31,41173850,7750510,3564362,52488722,2.247735971640737,2.865430085961126,S04,S35/S38,snapshot_carried_forward,1
2026-08-31,3.09,691.65,2026-08-31T20:00:00+00:00,515544,2026-07-31,2026-07-31,41173850,7750510,3564362,52488722,2.1985059231122492,2.8026712637655264,S04,S35/S38,snapshot_carried_forward,1
2026-09-01,2.81,679.89,2026-09-01T20:00:00+00:00,515544,2026-07-31,2026-07-31,41173850,7750510,3564362,52488722,2.3764685528057705,3.0295393122082195,S04,S35/S38,snapshot_carried_forward,1
2026-09-02,2.83,686.61,2026-09-02T20:00:00+00:00,515544,2026-07-31,2026-07-31,41173850,7750510,3564362,52488722,2.38299662341343,3.0378613438696216,S04,S35/S38,snapshot_carried_forward,1
2026-09-03,3.29,724.6,2026-09-03T20:00:00+00:00,515544,2026-07-31,2026-07-31,41173850,7750510,3564362,52488722,2.1632273737425174,2.7576979136797046,S04,S35/S38,snapshot_carried_forward,1
2026-09-04,3.49,720.1,2026-09-04T20:00:00+00:00,515544,2026-07-31,2026-07-31,41173850,7750510,3564362,52488722,2.0265957246749857,2.583518898496348,S04,S35/S38,snapshot_carried_forward,1
2026-09-08,5.25,748.88,2026-09-08T20:00:00+00:00,515544,2026-07-31,2026-07-31,41173850,7750510,3564362,52488722,1.401046878930351,1.7860647021627283,S04,S35/S38,snapshot_carried_forward,1
2026-09-09,4.43,737.25,2026-09-09T20:00:00+00:00,515544,2026-07-31,2026-07-31,41173850,7750510,3564362,52488722,1.6345973599973576,2.0837965458861682,S04,S35/S38,snapshot_carried_forward,1
2026-09-10,4.99,714.38,2026-09-10T20:00:00+00:00,515544,2026-07-31,2026-07-31,41173850,7750510,3564362,52488722,1.406139732245681,1.7925571084316378,S04,S35/S38,snapshot_carried_forward,1
2026-09-11,4.8,725.08,2026-09-11T20:00:00+00:00,515544,2026-07-31,2026-07-31,41173850,7750510,3564362,52488722,1.483694295319288,1.8914242267847192,S04,S35/S38,snapshot_carried_forward,1
2026-09-14,5.27,725.35,2026-09-14T20:00:00+00:00,515544,2026-07-31,2026-07-31,41173850,7750510,3564362,52488722,1.3518756273932473,1.7233808347973227,S04,S35/S38,snapshot_carried_forward,1
2026-09-15,4.91,719.58,2026-09-15T20:00:00+00:00,515544,2026-07-31,2026-07-31,41173850,7750510,3564362,52488722,1.4394524727839837,1.8350244311904544,S04,S35/S38,snapshot_carried_forward,1
2026-09-16,4.76,719.33,2026-09-16T20:00:00+00:00,515544,2026-07-31,2026-07-31,41173850,7750510,3564362,52488722,1.484297508918666,1.8921932078473203,S04,S35/S38,snapshot_carried_forward,1
2026-09-17,5.42,732.58,2026-09-17T20:00:00+00:00,515544,2026-07-31,2026-07-31,41173850,7750510,3564362,52488722,1.3275641300789456,1.6923883620522642,S04,S35/S38,snapshot_carried_forward,1
2026-09-18,5.98,766.46,2026-09-18T20:00:00+00:00,515544,2026-07-31,2026-07-31,41173850,7750510,3564362,52488722,1.258890768928651,1.6048430641939533,S04,S35/S38,snapshot_carried_forward,1
2026-09-21,6.57,799.9,2026-09-21T20:00:00+00:00,515544,2026-07-31,2026-07-31,41173850,7750510,3564362,52488722,1.1958317097816933,1.5244549191663148,S04,S35/S38,snapshot_carried_forward,1
2026-09-22,6.34,786.34,2026-09-22T20:00:00+00:00,515544,2026-07-31,2026-07-31,41173850,7750510,3564362,52488722,1.218206320510129,1.5529782348723538,S04,S35/S38,snapshot_carried_forward,1
2026-09-23,6.11,768.08,2026-09-23T20:00:00+00:00,515544,2026-07-31,2026-07-31,41173850,7750510,3564362,52488722,1.234710054201689,1.5740173140378515,S04,S35/S38,snapshot_carried_forward,1
2026-09-24,6.26,779.72,2026-09-24T20:00:00+00:00,515544,2026-07-31,2026-07-31,41173850,7750510,3564362,52488722,1.2233876135343498,1.5595833847222915,S04,S35/S38,snapshot_carried_forward,1
2026-09-25,6.11,775.13,2026-09-25T20:00:00+00:00,515544,2026-07-31,2026-07-31,41173850,7750510,3564362,52488722,1.2460431261240432,1.5884647961542542,S04,S35/S38,snapshot_carried_forward,1
2026-09-28,5.63,762.62,2026-09-28T20:00:00+00:00,515544,2026-07-31,2026-07-31,41173850,7750510,3564362,52488722,1.33045299020173,1.696071101846617,S04,S35/S38,snapshot_carried_forward,1
2026-09-29,5.87,755.3,2026-09-29T20:00:00+00:00,515544,2026-07-31,2026-07-31,41173850,7750510,3564362,52488722,1.2638080624463923,1.6111116655621789,S04,S35/S38,snapshot_carried_forward,1
2026-09-30,5.89,765.39,2026-09-30T20:00:00+00:00,515544,2026-07-31,2026-07-31,41173850,7750510,3564362,52488722,1.2763424894449356,1.627090643825223,S04,S35/S38,snapshot_carried_forward,1
2026-10-01,5.98,769.57,2026-10-01T20:00:00+00:00,515544,2026-07-31,2026-07-31,41173850,7750510,3564362,52488722,1.2639988636646688,1.6113549003362744,S04,S35/S38,snapshot_carried_forward,1
2026-10-02,5.85,766.28,2026-10-02T20:00:00+00:00,515544,2026-07-31,2026-10-02,48773114,2331877,1383731,52488722,1.2865639040980252,1.3845762461965399,S05,S35/S38,snapshot_carried_forward,1
2026-10-05,6.07,787.44,2026-10-05T20:00:00+00:00,515544,2026-07-31,2026-10-02,48773114,2331877,1383731,52488722,1.274173355398165,1.3712417671609296,S05,S35/S38,snapshot_carried_forward,1
2026-10-06,5.85,779.53,2026-10-06T20:00:00+00:00,515544,2026-07-31,2026-10-02,48773114,2331877,1383731,52488722,1.308810304538202,1.4085174103429408,S05,S35/S38,snapshot_carried_forward,1
