公司,财报日期,结构,项目,金额_美元,占总资产_%,来源
BNC,2026-07-31,资产,主要持币,302297000,92.40261407541449,https://www.sec.gov/Archives/edgar/data/1482541/000148254126000051/bncww-20260731.htm
BNC,2026-07-31,资产,现金及现金等价物,7084000,2.1653543307086616,https://www.sec.gov/Archives/edgar/data/1482541/000148254126000051/bncww-20260731.htm
BNC,2026-07-31,资产,短期投资,0,0.0,https://www.sec.gov/Archives/edgar/data/1482541/000148254126000051/bncww-20260731.htm
BNC,2026-07-31,资产,其他资产,17771000,5.432031593876852,https://www.sec.gov/Archives/edgar/data/1482541/000148254126000051/bncww-20260731.htm
BNC,2026-07-31,负债与权益,借款与票据／可转债,16798000,5.134616325133271,https://www.sec.gov/Archives/edgar/data/1482541/000148254126000051/bncww-20260731.htm
BNC,2026-07-31,负债与权益,优先股账面值,0,0.0,https://www.sec.gov/Archives/edgar/data/1482541/000148254126000051/bncww-20260731.htm
BNC,2026-07-31,负债与权益,权证会计负债,12049000,3.6829975057465645,https://www.sec.gov/Archives/edgar/data/1482541/000148254126000051/bncww-20260731.htm
BNC,2026-07-31,负债与权益,其他负债,8876000,2.7131119479630263,https://www.sec.gov/Archives/edgar/data/1482541/000148254126000051/bncww-20260731.htm
BNC,2026-07-31,负债与权益,普通股账面权益,289429000,88.46927422115714,https://www.sec.gov/Archives/edgar/data/1482541/000148254126000051/bncww-20260731.htm
MSTR,2026-06-30,资产,主要持币,49672080000,94.50081913768636,https://www.sec.gov/Archives/edgar/data/1050446/000105044626000044/mstr-20260630.htm
MSTR,2026-06-30,资产,现金及现金等价物,1711837000,3.256759103508442,https://www.sec.gov/Archives/edgar/data/1050446/000105044626000044/mstr-20260630.htm
MSTR,2026-06-30,资产,短期投资,736145000,1.400511222886421,https://www.sec.gov/Archives/edgar/data/1050446/000105044626000044/mstr-20260630.htm
MSTR,2026-06-30,资产,其他资产,442530000,0.8419105359187766,https://www.sec.gov/Archives/edgar/data/1050446/000105044626000044/mstr-20260630.htm
MSTR,2026-06-30,负债与权益,借款与票据／可转债,6709928000,12.765595730134466,https://www.sec.gov/Archives/edgar/data/1050446/000105044626000044/mstr-20260630.htm
MSTR,2026-06-30,负债与权益,优先股账面值,14440895000,27.473711722587808,https://www.sec.gov/Archives/edgar/data/1050446/000105044626000044/mstr-20260630.htm
MSTR,2026-06-30,负债与权益,权证会计负债,0,0.0,https://www.sec.gov/Archives/edgar/data/1050446/000105044626000044/mstr-20260630.htm
MSTR,2026-06-30,负债与权益,其他负债,525681000,1.0001047893528539,https://www.sec.gov/Archives/edgar/data/1050446/000105044626000044/mstr-20260630.htm
MSTR,2026-06-30,负债与权益,普通股账面权益,30886088000,58.760587757924874,https://www.sec.gov/Archives/edgar/data/1050446/000105044626000044/mstr-20260630.htm
