date_us,aligned_utc,bnc_usd,bnb_usdt,mstr_usd,btc_usdt
2025-10-31,2025-10-31T20:00:00+00:00,7.42,1090.0,269.51,109828.78
2025-11-03,2025-11-03T21:00:00+00:00,6.74,986.18,264.67,106657.55
2025-11-04,2025-11-04T21:00:00+00:00,5.72,920.92,246.99,100755.42
2025-11-05,2025-11-05T21:00:00+00:00,5.66,957.32,255.0,103831.22
2025-11-06,2025-11-06T21:00:00+00:00,5.55,948.02,237.2,100914.11
2025-11-07,2025-11-07T21:00:00+00:00,6.0,987.87,241.93,103783.08
2025-11-10,2025-11-10T21:00:00+00:00,6.21,989.28,238.88,106010.74
2025-11-11,2025-11-11T21:00:00+00:00,5.98,960.3,231.35,102809.27
2025-11-12,2025-11-12T21:00:00+00:00,5.64,953.39,224.61,101539.01
2025-11-13,2025-11-13T21:00:00+00:00,5.12,914.27,208.54,98162.11
2025-11-14,2025-11-14T21:00:00+00:00,5.01,919.51,199.75,94377.46
2025-11-17,2025-11-17T21:00:00+00:00,4.89,902.22,195.42,91914.01
2025-11-18,2025-11-18T21:00:00+00:00,4.98,933.74,206.8,92783.36
2025-11-19,2025-11-19T21:00:00+00:00,5.18,887.21,186.5,89516.91
2025-11-20,2025-11-20T21:00:00+00:00,5.24,874.6,177.13,86462.97
2025-11-21,2025-11-21T21:00:00+00:00,5.27,823.48,170.5,84571.19
2025-11-24,2025-11-24T21:00:00+00:00,5.39,873.36,179.04,89089.06
2025-11-25,2025-11-25T21:00:00+00:00,5.75,858.12,172.19,87387.48
2025-11-26,2025-11-26T21:00:00+00:00,5.97,892.21,175.64,89866.83
2025-11-28,2025-11-28T18:00:00+00:00,7.2,881.11,177.18,90661.57
2025-12-01,2025-12-01T21:00:00+00:00,6.47,817.31,171.42,85518.01
2025-12-02,2025-12-02T21:00:00+00:00,7.06,875.8,181.33,91026.66
2025-12-03,2025-12-03T21:00:00+00:00,7.52,908.0,188.39,92981.45
2025-12-04,2025-12-04T21:00:00+00:00,7.14,901.46,186.01,92476.25
2025-12-05,2025-12-05T21:00:00+00:00,6.78,880.41,178.99,89301.75
2025-12-08,2025-12-08T21:00:00+00:00,6.78,900.95,183.69,90799.92
2025-12-09,2025-12-09T21:00:00+00:00,7.5,908.5,188.99,93116.76
2025-12-10,2025-12-10T21:00:00+00:00,7.52,898.88,184.64,92453.89
2025-12-11,2025-12-11T21:00:00+00:00,7.28,880.49,183.3,91792.98
2025-12-12,2025-12-12T21:00:00+00:00,6.93,877.1,176.45,90214.08
2025-12-15,2025-12-15T21:00:00+00:00,6.45,846.24,162.08,85787.04
2025-12-16,2025-12-16T21:00:00+00:00,6.42,870.42,167.5,87573.22
2025-12-17,2025-12-17T21:00:00+00:00,6.43,842.33,160.38,85890.36
2025-12-18,2025-12-18T21:00:00+00:00,6.16,820.73,158.24,84582.64
2025-12-19,2025-12-19T21:00:00+00:00,6.75,860.44,164.82,88099.59
2025-12-22,2025-12-22T21:00:00+00:00,6.52,855.63,164.32,88351.03
2025-12-23,2025-12-23T21:00:00+00:00,6.17,843.4,157.88,87691.51
2025-12-24,2025-12-24T18:00:00+00:00,6.68,844.8,158.71,87322.77
2025-12-26,2025-12-26T21:00:00+00:00,6.67,836.45,158.81,87585.76
2025-12-29,2025-12-29T21:00:00+00:00,6.52,852.73,155.39,87212.01
2025-12-30,2025-12-30T21:00:00+00:00,6.5,858.7,155.61,87947.15
2025-12-31,2025-12-31T21:00:00+00:00,6.42,863.49,151.95,87662.01
2026-01-02,2026-01-02T21:00:00+00:00,6.43,879.32,157.16,89740.01
2026-01-05,2026-01-05T21:00:00+00:00,6.41,912.23,164.72,94178.0
2026-01-06,2026-01-06T21:00:00+00:00,6.51,905.58,157.97,92505.31
2026-01-07,2026-01-07T21:00:00+00:00,5.505,896.01,161.83,91047.49
2026-01-08,2026-01-08T21:00:00+00:00,5.65,890.71,166.97,90927.63
2026-01-09,2026-01-09T21:00:00+00:00,5.27,893.18,157.33,90303.37
2026-01-12,2026-01-12T21:00:00+00:00,5.52,905.21,162.23,91484.87
2026-01-13,2026-01-13T21:00:00+00:00,5.59,943.3,172.99,94408.7
2026-01-14,2026-01-14T21:00:00+00:00,6.25,944.56,179.33,97655.27
2026-01-15,2026-01-15T21:00:00+00:00,5.96,925.45,170.91,95260.68
2026-01-16,2026-01-16T21:00:00+00:00,6.36,934.45,173.71,95553.61
2026-01-20,2026-01-20T21:00:00+00:00,5.85,895.97,160.23,89734.0
2026-01-21,2026-01-21T21:00:00+00:00,5.86,888.47,163.81,90214.02
2026-01-22,2026-01-22T21:00:00+00:00,5.73,887.48,160.98,89409.73
2026-01-23,2026-01-23T21:00:00+00:00,5.52,890.86,163.11,89503.67
2026-01-26,2026-01-26T21:00:00+00:00,5.2,872.78,160.58,87629.23
2026-01-27,2026-01-27T21:00:00+00:00,5.47,898.61,161.58,89396.03
2026-01-28,2026-01-28T21:00:00+00:00,5.31,902.75,158.45,89130.63
2026-01-29,2026-01-29T21:00:00+00:00,5.03,864.51,143.19,84216.91
2026-01-30,2026-01-30T21:00:00+00:00,4.99,859.55,149.71,83906.34
2026-02-02,2026-02-02T21:00:00+00:00,4.85,769.67,139.63,78008.59
2026-02-03,2026-02-03T21:00:00+00:00,5.11,771.49,133.26,76475.53
2026-02-04,2026-02-04T21:00:00+00:00,5.05,712.72,129.09,73516.3
2026-02-05,2026-02-05T21:00:00+00:00,4.415,617.22,106.99,63775.66
2026-02-06,2026-02-06T21:00:00+00:00,4.52,657.15,134.93,70000.14
2026-02-09,2026-02-09T21:00:00+00:00,4.73,640.92,138.44,70738.71
2026-02-10,2026-02-10T21:00:00+00:00,4.71,617.93,133.0,68753.69
2026-02-11,2026-02-11T21:00:00+00:00,4.55,609.91,126.07,67555.98
2026-02-12,2026-02-12T21:00:00+00:00,4.3,604.94,123.0,65428.24
2026-02-13,2026-02-13T21:00:00+00:00,4.3,618.33,133.88,68777.13
2026-02-17,2026-02-17T21:00:00+00:00,4.2,618.62,128.67,67753.3
2026-02-18,2026-02-18T21:00:00+00:00,4.29,603.65,125.2,66268.4
2026-02-19,2026-02-19T21:00:00+00:00,4.11,607.27,129.45,67149.11
2026-02-20,2026-02-20T21:00:00+00:00,3.85,628.83,131.05,67750.4
2026-02-23,2026-02-23T21:00:00+00:00,3.59,595.3,123.71,64473.14
2026-02-24,2026-02-24T21:00:00+00:00,3.71,588.48,124.61,64472.9
2026-02-25,2026-02-25T21:00:00+00:00,3.77,631.7,135.65,69148.69
2026-02-26,2026-02-26T21:00:00+00:00,3.77,621.99,133.4,67414.07
2026-02-27,2026-02-27T21:00:00+00:00,3.42,611.09,129.5,65594.67
2026-03-02,2026-03-02T21:00:00+00:00,3.67,634.72,137.65,69106.58
2026-03-03,2026-03-03T21:00:00+00:00,3.56,631.66,132.68,68265.99
2026-03-04,2026-03-04T21:00:00+00:00,3.69,660.61,146.44,73019.69
2026-03-05,2026-03-05T21:00:00+00:00,3.64,650.8,139.81,71236.51
2026-03-06,2026-03-06T21:00:00+00:00,3.48,629.19,133.53,68111.03
2026-03-09,2026-03-09T20:00:00+00:00,3.98,638.19,138.95,68991.93
2026-03-10,2026-03-10T20:00:00+00:00,3.79,641.78,138.46,70043.63
2026-03-11,2026-03-11T20:00:00+00:00,3.76,653.14,138.33,70641.81
2026-03-12,2026-03-12T20:00:00+00:00,3.28,651.03,137.34,70432.33
2026-03-13,2026-03-13T20:00:00+00:00,3.26,657.25,139.67,71189.96
2026-03-16,2026-03-16T20:00:00+00:00,3.29,678.55,147.52,73963.0
2026-03-17,2026-03-17T20:00:00+00:00,3.26,672.03,150.28,74511.21
2026-03-18,2026-03-18T20:00:00+00:00,3.12,648.09,140.56,71072.38
2026-03-19,2026-03-19T20:00:00+00:00,3.19,640.04,138.24,70272.0
2026-03-20,2026-03-20T20:00:00+00:00,3.1,640.26,135.66,70177.85
2026-03-23,2026-03-23T20:00:00+00:00,3.18,637.62,138.2,70679.04
2026-03-24,2026-03-24T20:00:00+00:00,3.21,630.29,136.25,69377.33
2026-03-25,2026-03-25T20:00:00+00:00,3.15,646.03,139.13,70883.32
2026-03-26,2026-03-26T20:00:00+00:00,3.04,625.67,132.93,68534.37
2026-03-27,2026-03-27T20:00:00+00:00,2.84,610.16,126.03,66040.65
2026-03-30,2026-03-30T20:00:00+00:00,2.86,610.61,121.44,66550.06
2026-03-31,2026-03-31T20:00:00+00:00,2.92,615.76,124.8,67838.79
2026-04-01,2026-04-01T20:00:00+00:00,2.78,613.76,122.78,68176.84
2026-04-02,2026-04-02T20:00:00+00:00,2.69,583.5,119.83,66976.0
2026-04-06,2026-04-06T20:00:00+00:00,2.75,606.68,127.69,69739.52
2026-04-07,2026-04-07T20:00:00+00:00,2.57,608.41,123.72,69011.29
2026-04-08,2026-04-08T20:00:00+00:00,2.63,604.28,128.3,71318.47
2026-04-09,2026-04-09T20:00:00+00:00,2.59,608.76,128.86,72096.33
2026-04-10,2026-04-10T20:00:00+00:00,2.62,609.61,128.64,73236.11
2026-04-13,2026-04-13T20:00:00+00:00,2.75,608.59,132.36,73322.0
2026-04-14,2026-04-14T20:00:00+00:00,2.85,613.95,137.41,74223.3
2026-04-15,2026-04-15T20:00:00+00:00,2.8,625.38,143.54,75002.6
2026-04-16,2026-04-16T20:00:00+00:00,2.63,636.55,148.94,75343.0
2026-04-17,2026-04-17T20:00:00+00:00,2.74,641.36,166.52,77393.58
2026-04-20,2026-04-20T20:00:00+00:00,3.0,630.57,170.81,76296.97
2026-04-21,2026-04-21T20:00:00+00:00,2.88,626.59,163.97,75023.43
2026-04-22,2026-04-22T20:00:00+00:00,3.04,644.1,179.36,78846.62
2026-04-23,2026-04-23T20:00:00+00:00,2.87,635.9,172.47,77727.25
2026-04-24,2026-04-24T20:00:00+00:00,3.14,638.24,171.02,77628.84
2026-04-27,2026-04-27T20:00:00+00:00,3.08,623.53,169.2,76878.23
2026-04-28,2026-04-28T20:00:00+00:00,3.01,624.17,165.71,76330.97
2026-04-29,2026-04-29T20:00:00+00:00,2.78,613.32,158.19,75563.87
2026-04-30,2026-04-30T20:00:00+00:00,3.11,618.44,165.45,76412.8
2026-05-01,2026-05-01T20:00:00+00:00,3.16,619.24,177.17,78360.01
2026-05-04,2026-05-04T20:00:00+00:00,3.09,624.93,183.8,80053.31
2026-05-05,2026-05-05T20:00:00+00:00,3.22,631.73,186.9,81606.35
2026-05-06,2026-05-06T20:00:00+00:00,3.21,650.44,186.82,81464.86
2026-05-07,2026-05-07T20:00:00+00:00,3.15,643.71,179.84,80146.77
2026-05-08,2026-05-08T20:00:00+00:00,3.22,648.1,187.59,80180.0
2026-05-11,2026-05-11T20:00:00+00:00,3.19,663.31,195.94,81961.99
2026-05-12,2026-05-12T20:00:00+00:00,3.1,663.07,184.42,80835.3
2026-05-13,2026-05-13T20:00:00+00:00,3.06,671.33,178.03,79642.41
2026-05-14,2026-05-14T20:00:00+00:00,3.09,680.21,186.97,81419.75
2026-05-15,2026-05-15T20:00:00+00:00,2.73,674.04,177.42,79146.5
2026-05-18,2026-05-18T20:00:00+00:00,2.67,644.79,166.63,76928.0
2026-05-19,2026-05-19T20:00:00+00:00,2.72,639.98,164.63,76818.73
2026-05-20,2026-05-20T20:00:00+00:00,2.71,650.56,165.81,77667.49
2026-05-21,2026-05-21T20:00:00+00:00,2.62,657.88,164.85,77690.56
2026-05-22,2026-05-22T20:00:00+00:00,2.63,652.48,159.89,75860.44
2026-05-26,2026-05-26T20:00:00+00:00,2.69,657.21,159.93,76052.0
2026-05-27,2026-05-27T20:00:00+00:00,2.47,653.4,154.2,75066.09
2026-05-28,2026-05-28T20:00:00+00:00,2.56,639.72,151.64,73419.31
2026-05-29,2026-05-29T20:00:00+00:00,2.92,641.46,159.09,73520.29
2026-06-01,2026-06-01T20:00:00+00:00,3.27,696.14,149.78,71595.24
2026-06-02,2026-06-02T20:00:00+00:00,2.75,660.31,136.08,67315.14
2026-06-03,2026-06-03T20:00:00+00:00,2.57,622.77,126.545,65461.99
2026-06-04,2026-06-04T20:00:00+00:00,2.5,606.35,129.37,63629.38
2026-06-05,2026-06-05T20:00:00+00:00,2.16,567.28,120.44,60300.24
2026-06-08,2026-06-08T20:00:00+00:00,2.19,607.67,127.2,63372.01
2026-06-09,2026-06-09T20:00:00+00:00,2.17,596.76,117.02,62098.09
2026-06-10,2026-06-10T20:00:00+00:00,1.99,588.05,115.35,61942.45
2026-06-11,2026-06-11T20:00:00+00:00,2.13,604.44,120.15,63605.69
2026-06-12,2026-06-12T20:00:00+00:00,2.05,603.46,123.97,63589.28
2026-06-15,2026-06-15T20:00:00+00:00,2.22,620.91,131.14,66615.98
2026-06-16,2026-06-16T20:00:00+00:00,2.48,607.06,122.81,65675.89
2026-06-17,2026-06-17T20:00:00+00:00,2.18,598.6,116.56,64301.85
2026-06-18,2026-06-18T20:00:00+00:00,2.25,578.88,112.53,62950.79
2026-06-22,2026-06-22T20:00:00+00:00,2.095,592.29,109.46,64472.51
2026-06-23,2026-06-23T20:00:00+00:00,2.27,576.2,103.84,62388.49
2026-06-24,2026-06-24T20:00:00+00:00,2.69,555.57,94.13,59958.3
2026-06-25,2026-06-25T20:00:00+00:00,3.05,554.28,85.33,59319.99
2026-06-26,2026-06-26T20:00:00+00:00,3.04,565.85,82.31,59751.96
2026-06-29,2026-06-29T20:00:00+00:00,2.96,561.78,92.68,60433.5
2026-06-30,2026-06-30T20:00:00+00:00,2.72,547.38,86.93,58818.0
2026-07-01,2026-07-01T20:00:00+00:00,2.78,551.26,93.39,60029.39
2026-07-02,2026-07-02T20:00:00+00:00,2.7,558.14,100.77,61479.59
2026-07-06,2026-07-06T20:00:00+00:00,2.76,585.15,100.77,63738.52
2026-07-07,2026-07-07T20:00:00+00:00,2.71,583.29,97.36,63818.0
2026-07-08,2026-07-08T20:00:00+00:00,2.64,566.95,93.87,62277.98
2026-07-09,2026-07-09T20:00:00+00:00,2.77,570.26,93.89,63248.09
2026-07-10,2026-07-10T20:00:00+00:00,2.91,575.99,94.64,63917.88
2026-07-13,2026-07-13T20:00:00+00:00,2.81,566.29,92.1,62288.23
2026-07-14,2026-07-14T20:00:00+00:00,2.89,580.65,97.58,64569.59
2026-07-15,2026-07-15T20:00:00+00:00,2.96,579.5,97.47,64977.34
2026-07-16,2026-07-16T20:00:00+00:00,2.95,575.81,94.03,64271.85
2026-07-17,2026-07-17T20:00:00+00:00,2.93,568.05,94.85,64160.8
2026-07-20,2026-07-20T20:00:00+00:00,2.93,571.3,97.82,65142.0
2026-07-21,2026-07-21T20:00:00+00:00,3.02,572.74,101.95,66444.76
2026-07-22,2026-07-22T20:00:00+00:00,2.95,570.16,100.01,65923.19
2026-07-23,2026-07-23T20:00:00+00:00,2.86,566.64,93.63,64846.93
2026-07-24,2026-07-24T20:00:00+00:00,2.79,565.17,91.67,64225.32
2026-07-27,2026-07-27T20:00:00+00:00,2.85,575.63,98.65,64983.99
2026-07-28,2026-07-28T20:00:00+00:00,2.77,570.93,96.16,63904.0
2026-07-29,2026-07-29T20:00:00+00:00,2.5,568.55,93.33,63589.46
2026-07-30,2026-07-30T20:00:00+00:00,2.67,594.62,97.74,64800.0
2026-07-31,2026-07-31T20:00:00+00:00,2.66,588.17,93.28,62972.0
2026-08-03,2026-08-03T20:00:00+00:00,2.52,591.45,94.86,63869.38
2026-08-04,2026-08-04T20:00:00+00:00,2.49,593.77,97.65,64233.35
2026-08-05,2026-08-05T20:00:00+00:00,2.51,599.73,98.37,64840.27
2026-08-06,2026-08-06T20:00:00+00:00,2.3,590.6,96.85,64446.01
2026-08-07,2026-08-07T20:00:00+00:00,2.35,593.38,100.01,64960.46
2026-08-10,2026-08-10T20:00:00+00:00,2.41,600.68,97.33,64045.7
2026-08-11,2026-08-11T20:00:00+00:00,2.43,611.71,96.09,63536.0
2026-08-12,2026-08-12T20:00:00+00:00,2.52,609.78,94.83,63421.11
2026-08-13,2026-08-13T20:00:00+00:00,2.54,609.79,97.1,63408.0
2026-08-14,2026-08-14T20:00:00+00:00,2.62,606.42,93.04,62968.06
2026-08-17,2026-08-17T20:00:00+00:00,2.54,605.25,97.68,64309.95
2026-08-18,2026-08-18T20:00:00+00:00,2.52,603.0,92.52,64643.27
2026-08-19,2026-08-19T20:00:00+00:00,2.65,616.59,104.25,68429.44
2026-08-20,2026-08-20T20:00:00+00:00,2.7,650.48,112.39,72690.76
2026-08-21,2026-08-21T20:00:00+00:00,3.15,672.96,119.25,77028.94
2026-08-24,2026-08-24T20:00:00+00:00,3.11,702.1,122.63,78757.99
2026-08-25,2026-08-25T20:00:00+00:00,3.12,698.11,126.83,78925.96
2026-08-26,2026-08-26T20:00:00+00:00,2.92,699.54,123.19,78475.49
2026-08-27,2026-08-27T20:00:00+00:00,3.01,709.92,137.4,79910.19
2026-08-28,2026-08-28T20:00:00+00:00,3.01,688.83,127.31,77580.03
2026-08-31,2026-08-31T20:00:00+00:00,3.09,691.65,132.94,78898.06
2026-09-01,2026-09-01T20:00:00+00:00,2.81,679.89,124.88,77312.0
2026-09-02,2026-09-02T20:00:00+00:00,2.83,686.61,123.19,77341.48
2026-09-03,2026-09-03T20:00:00+00:00,3.29,724.6,144.82,81755.41
2026-09-04,2026-09-04T20:00:00+00:00,3.49,720.1,142.8,79793.35
2026-09-08,2026-09-08T20:00:00+00:00,5.25,748.88,136.52,78445.99
2026-09-09,2026-09-09T20:00:00+00:00,4.43,737.25,132.7,78234.94
2026-09-10,2026-09-10T20:00:00+00:00,4.99,714.38,128.56,77160.83
2026-09-11,2026-09-11T20:00:00+00:00,4.8,725.08,130.97,77286.0
2026-09-14,2026-09-14T20:00:00+00:00,5.27,725.35,136.94,78982.01
2026-09-15,2026-09-15T20:00:00+00:00,4.91,719.58,129.6,76186.48
2026-09-16,2026-09-16T20:00:00+00:00,4.76,719.33,126.18,76080.0
2026-09-17,2026-09-17T20:00:00+00:00,5.42,732.58,132.25,76594.01
2026-09-18,2026-09-18T20:00:00+00:00,5.98,766.46,153.92,81204.77
2026-09-21,2026-09-21T20:00:00+00:00,6.57,799.9,168.5,86490.11
2026-09-22,2026-09-22T20:00:00+00:00,6.34,786.34,167.33,86192.45
2026-09-23,2026-09-23T20:00:00+00:00,6.11,768.08,162.2,84518.0
2026-09-24,2026-09-24T20:00:00+00:00,6.26,779.72,161.61,84412.64
2026-09-25,2026-09-25T20:00:00+00:00,6.11,775.13,158.61,84020.01
2026-09-28,2026-09-28T20:00:00+00:00,5.63,762.62,157.14,83389.53
2026-09-29,2026-09-29T20:00:00+00:00,5.87,755.3,154.67,83594.01
2026-09-30,2026-09-30T20:00:00+00:00,5.89,765.39,153.09,83603.16
2026-10-01,2026-10-01T20:00:00+00:00,5.98,769.57,160.5,84675.36
2026-10-02,2026-10-02T20:00:00+00:00,5.85,766.28,160.01,84315.27
2026-10-05,2026-10-05T20:00:00+00:00,6.07,787.44,164.43,85724.0
2026-10-06,2026-10-06T20:00:00+00:00,5.85,779.53,164.55,85614.0
